,Trials,adjRand,nClusters,pe,pe (probes),verb decoder Accuracy,verb decoder Accuracy Prob,verb 2 AFC decoder Prob,batch,Condition,cluster re-use
0,All,0.0,1,0.4496633994491605,0.4734506694488625,0.0675,0.0901207937535628,0.48216487794877005,0,interleaved,
1,Training,0.0,1,0.4571278320203238,0.4851263985124922,0.053125,0.08327894641620513,0.48209276272038615,0,interleaved,
2,Test,0.0,1,0.4198056691645071,0.42674775319434344,0.125,0.11748818310299343,0.4824533388623059,0,interleaved,1.0
3,All,0.0,1,0.47055735060572107,0.44930817260615763,0.185,0.16459863552025425,0.5134507891144419,0,blocked,
4,Training,0.0,1,0.4814276773480269,0.4633581288887337,0.165625,0.15553214857725836,0.5106170696449753,0,blocked,
5,Test,0.0,1,0.42707604363649787,0.3931083474758534,0.2625,0.20086458329223764,0.5247856669923079,0,blocked,1.0
6,All,0.0,1,0.437565532456459,0.42850982889438755,0.16,0.13744498546913825,0.4964810537056819,0,early,
7,Training,0.0,1,0.4461248966090755,0.4406552999548675,0.1625,0.13348090339648397,0.48741463806497354,0,early,
8,Test,0.0,1,0.40332807584599306,0.37992794465246743,0.15,0.15330131375975525,0.5327467162685149,0,early,1.0
9,All,0.0,1,0.4369925434137044,0.42729075175590986,0.1775,0.15502485526158946,0.5526160179091442,0,middle,
10,Training,0.0,1,0.4487436716777512,0.44168069498558865,0.16875,0.15119437849989253,0.5583134971993865,0,middle,
11,Test,0.0,1,0.3899880303575178,0.3697309788371947,0.2125,0.17034676230837725,0.5298261007481748,0,middle,1.0
12,All,0.0,1,0.43283377901550507,0.4212314504839925,0.215,0.1666846085217407,0.5003579438806492,0,late,
13,Training,0.0,1,0.44093073421257983,0.43173243170811215,0.20625,0.15897352299889606,0.5009521901983679,0,late,
14,Test,0.0,1,0.4004459582272061,0.37922752558751405,0.25,0.1975289506131192,0.4979809586097742,0,late,1.0
15,All,0.0,1,0.441561474633137,0.4166030217602472,0.155,0.1410844257134582,0.5214349316259317,1,interleaved,
16,Training,0.0,1,0.4497439687516881,0.4278211670372524,0.13125,0.12734854405757454,0.5167250025717115,1,interleaved,
17,Test,0.0,1,0.4088314981589327,0.37173044065222655,0.25,0.19602795233699272,0.5402746478428126,1,interleaved,1.0
18,All,0.0,1,0.4848197320967082,0.4481683802799685,0.2325,0.19875498357723115,0.4902490526059448,1,blocked,
19,Training,0.0,1,0.4895637957850342,0.45412341411012525,0.21875,0.19110199463616057,0.4890042380278027,1,blocked,
20,Test,0.0,1,0.4658434773434043,0.4243482449593413,0.2875,0.22936693934151348,0.495228310918513,1,blocked,1.0
21,All,0.0,1,0.47980786033976297,0.47130880326212926,0.2125,0.16543245071362564,0.5025242972414214,1,early,
22,Training,0.0,1,0.48643847041219546,0.48137178104731043,0.20625,0.15975885285878094,0.5018007269573717,1,early,
23,Test,0.0,1,0.45328542005003286,0.43105689212140474,0.2375,0.1881268421330043,0.5054185783776207,1,early,1.0
24,All,0.0,1,0.47249471626681366,0.479312654840484,0.2575,0.19869479140558377,0.5247734340361808,1,middle,
25,Training,0.0,1,0.4826579409196385,0.4878494238976058,0.240625,0.18490285931249134,0.5190632385875219,1,middle,
26,Test,0.0,1,0.43184181765551444,0.4451655786119969,0.325,0.2538625197779534,0.5476142158308162,1,middle,1.0
27,All,0.0,1,0.4566649296293682,0.5010271883563869,0.0575,0.0786746186968178,0.5187722762196637,1,late,
28,Training,0.0,1,0.4618501647089376,0.5047291706279383,0.040625,0.0677257227728463,0.5135067952976973,1,late,
29,Test,0.0,1,0.4359239893110907,0.4862192592701816,0.125,0.12247020239270376,0.5398341999075291,1,late,1.0
30,All,0.0,1,0.44043662723565885,0.4117564606475248,0.2925,0.24229038760340452,0.55473420619071,2,interleaved,
31,Training,0.0,1,0.44327870559032934,0.41789813648827767,0.278125,0.23366689623352532,0.5488507445905996,2,interleaved,
32,Test,0.0,1,0.42906831381697713,0.387189757284513,0.35,0.27678435308292126,0.5782680525911513,2,interleaved,1.0
33,All,0.0,1,0.45217651953026416,0.42289955050271116,0.2625,0.21987956264838687,0.5300411745340978,2,blocked,
34,Training,0.0,1,0.46191040560005014,0.4394622302262475,0.2625,0.21272367823286825,0.5239225848113452,2,blocked,
35,Test,0.0,1,0.41324097525111986,0.35664883160856625,0.2625,0.24850310031046136,0.5545155334251077,2,blocked,1.0
36,All,0.0,1,0.4628161240015,0.45873035840860993,0.0975,0.11997278182237021,0.5083792709279691,2,early,
37,Training,0.0,1,0.47182784076145995,0.46996319124036556,0.084375,0.11101459891628915,0.5046331667355225,2,early,
38,Test,0.0,1,0.4267692569616608,0.41379902708158767,0.15,0.15580551344669444,0.5233636876977557,2,early,1.0
39,All,0.0,1,0.4635304954106889,0.44713949464921937,0.265,0.1798068466371884,0.48961205133454,2,middle,
40,Training,0.0,1,0.4731421631333406,0.4527257932223555,0.265625,0.17433189123934917,0.49676603834102584,2,middle,
41,Test,0.0,1,0.425083824520082,0.42479430035667526,0.2625,0.20170666822854538,0.46099610330859697,2,middle,1.0
42,All,0.0,1,0.4843845898210962,0.42647586247563285,0.23,0.19576492395287567,0.570988463188875,2,late,
43,Training,0.0,1,0.4917231100192733,0.43764805259753975,0.2,0.1695800574456084,0.5580353918732003,2,late,
44,Test,0.0,1,0.4550305090283877,0.3817871019880056,0.35,0.30050438998194473,0.6228007484515741,2,late,1.0
45,All,0.0,1,0.4706865430801873,0.48273123521629835,0.1125,0.11957055203934085,0.5477366214131254,3,interleaved,
46,Training,0.0,1,0.477402876285457,0.4916355286134596,0.1,0.11681166463879973,0.5445205753972115,3,interleaved,
47,Test,0.0,1,0.44382121025910903,0.4471140616276534,0.1625,0.1306061016415053,0.5606008054767813,3,interleaved,1.0
48,All,0.0,1,0.48252822341517493,0.4983910754044631,0.105,0.1153610271639435,0.5096638985609353,3,blocked,
49,Training,0.0,1,0.49301886406781387,0.5050533527199793,0.103125,0.11022984293436186,0.5110212799361171,3,blocked,
50,Test,0.0,1,0.44056566080461934,0.47174196614239816,0.1125,0.13588576408227007,0.5042343730602081,3,blocked,1.0
51,All,0.0,1,0.49649636845472905,0.46403840875890695,0.1575,0.1381000439465626,0.5516765133955985,3,early,
52,Training,0.0,1,0.5070143426122958,0.47709011271953666,0.140625,0.12706470471689651,0.5479451467286521,3,early,
53,Test,0.0,1,0.454424471824462,0.41183159291638816,0.225,0.18224140086522714,0.5666019800633838,3,early,1.0
54,All,0.0,1,0.4454064117607878,0.44428979140734853,0.06,0.08386041839677912,0.505300825176514,3,middle,
55,Training,0.0,1,0.4547850472466665,0.45273781974344907,0.05625,0.0810249432918476,0.5095355272968145,3,middle,
56,Test,0.0,1,0.40789186981727327,0.41049767806294657,0.075,0.09520231881650518,0.4883620166953113,3,middle,1.0
57,All,0.0,1,0.45000958467380686,0.4439247893199291,0.1425,0.12287103800587651,0.48449108664695006,3,late,
58,Training,0.0,1,0.4574654269660833,0.45376523241211936,0.134375,0.11765422492181436,0.4884355472210961,3,late,
59,Test,0.0,1,0.4201862155047012,0.40456301695116836,0.175,0.14373829034212507,0.46871324435036554,3,late,1.0
60,All,0.0,1,0.4955150133203231,0.45009856529629644,0.1975,0.1663176588367986,0.490735615645734,4,interleaved,
61,Training,0.0,1,0.5033972496928131,0.46265149186241245,0.178125,0.1490040277306404,0.48406468443606376,4,interleaved,
62,Test,0.0,1,0.463986067830363,0.39988685903183185,0.275,0.2355721832614317,0.5174193404844142,4,interleaved,1.0
63,All,0.0,1,0.46202178257002097,0.4833360595521088,0.12,0.13051221881596053,0.539696293832003,4,blocked,
64,Training,0.0,1,0.47296364312985534,0.49316629707797344,0.109375,0.12461813634174497,0.5369726059664284,4,blocked,
65,Test,0.0,1,0.4182543403306832,0.44401510944864997,0.1625,0.1540885487128229,0.5505910452943017,4,blocked,1.0
66,All,0.0,1,0.4557994062782333,0.4418778779566916,0.16,0.15265609067483482,0.48483828553118896,4,early,
67,Training,0.0,1,0.463277666385421,0.45367818681140565,0.171875,0.15810571011433283,0.48472817997614115,4,early,
68,Test,0.0,1,0.4258863658494819,0.3946766425378352,0.1125,0.13085761291684284,0.4852787077513806,4,early,1.0
69,All,0.0,1,0.45306100898161383,0.4504554758887588,0.25,0.19915300855707607,0.5446886192148156,4,middle,
70,Training,0.0,1,0.4604204650486555,0.4629394718538258,0.215625,0.17882509206444,0.5409496960416453,4,middle,
71,Test,0.0,1,0.42362318471344723,0.40051949202849063,0.3875,0.28046467452762036,0.5596443119074965,4,middle,1.0
72,All,0.0,1,0.504603977984861,0.4969654773410291,0.1525,0.12688910694767527,0.5332213312842755,4,late,
73,Training,0.0,1,0.5180915792087128,0.512456542957536,0.128125,0.11625647862699902,0.5261464435877103,4,late,
74,Test,0.0,1,0.45065357308945364,0.4350012148750011,0.25,0.16941962023038032,0.5615208820705366,4,late,1.0
75,All,0.0,1,0.47450812456798,0.43854178517212133,0.125,0.13585501570019892,0.5374193906372762,5,interleaved,
76,Training,0.0,1,0.47986776157186334,0.4462252756738141,0.121875,0.1314276291288817,0.5317143899057208,5,interleaved,
77,Test,0.0,1,0.45306957655244695,0.40780782316534997,0.1375,0.15356456198546792,0.5602393935634977,5,interleaved,1.0
78,All,-0.0013051081222840192,3,0.5333499075009627,0.504019675346979,0.105,0.12099297790707193,0.497102998090396,5,blocked,
79,Training,0.0025176505992695955,3,0.5446453769378813,0.5106739580863822,0.10625,0.12118278235434694,0.5047216760300175,5,blocked,
80,Test,0.0,1,0.48816802975328843,0.4774025443893669,0.1,0.120233760117972,0.4666282863319102,5,blocked,1.0
81,All,0.0,1,0.44563876829184984,0.43369204991143095,0.0775,0.1258019100453134,0.5284100043976698,5,early,
82,Training,0.0,1,0.4530660889619918,0.44011455879151384,0.059375,0.1227302865354926,0.5363307326107479,5,early,
83,Test,0.0,1,0.4159294856112816,0.40800201439109884,0.15,0.13808840408459663,0.4967270915453577,5,early,1.0
84,All,0.0,1,0.48983692331117606,0.5134365493265228,0.045,0.0841619210018983,0.522784024311745,5,middle,
85,Training,0.0,1,0.5007330961265601,0.5260303876498187,0.034375,0.07209323479983948,0.5170670846191717,5,middle,
86,Test,0.0,1,0.44625223204963943,0.4630611960333395,0.0875,0.1324366658101336,0.5456517830820379,5,middle,1.0
87,All,0.0,1,0.4442430010180068,0.43315111075041174,0.2475,0.2011960982766549,0.5625016751352703,5,late,
88,Training,0.0,1,0.4524452600492927,0.44371857920132063,0.215625,0.185391825786985,0.5636298682822292,5,late,
89,Test,0.0,1,0.41143396489286316,0.39088123694677557,0.375,0.2644131882353348,0.5579889025474346,5,late,1.0
90,All,0.0,1,0.4604303354341001,0.4717816189057046,0.0975,0.11840763618854509,0.4928615369421429,6,interleaved,
91,Training,0.0,1,0.4665071223994774,0.4772847720064256,0.0875,0.11117475555433853,0.49157541035659313,6,interleaved,
92,Test,0.0,1,0.43612318757259133,0.4497690065028207,0.1375,0.14733915872537134,0.4980060432843419,6,interleaved,1.0
93,All,0.0,1,0.47013147153118684,0.43471366139116113,0.185,0.15951285944332982,0.4932590498078525,6,blocked,
94,Training,0.0,1,0.4764137146598139,0.44109386470064604,0.16875,0.15345051363165776,0.48675601771504046,6,blocked,
95,Test,0.0,1,0.44500249901667854,0.40919284815322116,0.25,0.18376224269001823,0.5192711781791008,6,blocked,1.0
96,All,0.0,1,0.47383726867056664,0.4715312352349275,0.15,0.13933783365643332,0.4930591158518001,6,early,
97,Training,0.0,1,0.4840102457667069,0.48384804132284487,0.159375,0.1383150025191789,0.4967962681699166,6,early,
98,Test,0.0,1,0.43314536028600514,0.4222640108832582,0.1125,0.14342915820545096,0.47811050657933374,6,early,1.0
99,All,0.0,1,0.4470607056423577,0.4225581179832693,0.1825,0.1515992690763957,0.5133023648732339,6,middle,
100,Training,0.0,1,0.4508134323610281,0.43202365721757907,0.171875,0.14756556880294142,0.5103603872994738,6,middle,
101,Test,0.0,1,0.43204979876767624,0.38469596104602993,0.225,0.16773407017021286,0.5250702751682746,6,middle,1.0
102,All,0.0,1,0.5136047267522483,0.5058617177537493,0.11,0.10911562400188371,0.47549866726809253,6,late,
103,Training,0.0,1,0.5217059877010338,0.5153466908713837,0.084375,0.10202466218815401,0.4763194533350136,6,late,
104,Test,0.0,1,0.48119968295710636,0.46792182528321186,0.2125,0.13747947125680252,0.4722155230004089,6,late,1.0
105,All,0.0,1,0.45135593871527113,0.4243950665397028,0.2425,0.18152631107711759,0.5030843790386723,7,interleaved,
106,Training,0.0,1,0.45789342775175984,0.43148221397591885,0.24375,0.1806843105691806,0.4989164503551665,7,interleaved,
107,Test,0.0,1,0.42520598256931663,0.39604647679483873,0.2375,0.18489431310886545,0.5197560937726954,7,interleaved,1.0
108,All,0.0,1,0.4538671426053287,0.4524520579451078,0.1975,0.15463158476069463,0.5064313926495031,7,blocked,
109,Training,0.0,1,0.4624991745108113,0.4633210793662787,0.2,0.15690140513079628,0.5180604493424998,7,blocked,
110,Test,0.0,1,0.41933901498339865,0.4089759722604243,0.1875,0.145552303280288,0.45991516587751596,7,blocked,1.0
111,All,0.0,1,0.4746276005588215,0.4088256799039105,0.2825,0.2042501981979321,0.5216126190668829,7,early,
112,Training,0.0,1,0.48165430161997025,0.41481164846895935,0.2625,0.1989238335404626,0.5243177250678149,7,early,
113,Test,0.0,1,0.4465207963142273,0.3848818056437155,0.3625,0.22555565682781023,0.5107921950631547,7,early,1.0
114,All,0.0,1,0.483975691291835,0.4768042571025757,0.15,0.12000508082256689,0.5031778452589457,7,middle,
115,Training,0.0,1,0.4948663121007872,0.49060559764458667,0.146875,0.1192869981032462,0.504271405925802,7,middle,
116,Test,0.0,1,0.44041320805602624,0.4215988949345322,0.1625,0.12287741169984964,0.49880360259152023,7,middle,1.0
117,All,0.0,1,0.4889312315668736,0.44010516858189613,0.2025,0.16491813280299092,0.523586770116879,7,late,
118,Training,0.0,1,0.49574081359008737,0.45110086183818526,0.184375,0.1594026247458235,0.5231603265692153,7,late,
119,Test,0.0,1,0.46169290347401915,0.3961223955567397,0.275,0.1869801650316604,0.5252925443075338,7,late,1.0
120,All,0.0,1,0.4554040844378468,0.43041590362520743,0.1925,0.17757214072058006,0.5058505241067022,8,interleaved,
121,Training,0.0,1,0.4657339181320825,0.44301888342842766,0.1875,0.1728764774763152,0.5069397862998983,8,interleaved,
122,Test,0.0,1,0.41408474966090375,0.3800039844123261,0.2125,0.19635479369763958,0.5014934753339177,8,interleaved,1.0
123,All,0.0,1,0.47260220730718583,0.4686434883023742,0.0175,0.06355020791875987,0.505834129641229,8,blocked,
124,Training,0.0,1,0.4767084191904394,0.4729210055662856,0.015625,0.062275446400350744,0.5116689117680353,8,blocked,
125,Test,0.0,1,0.4561773597741716,0.45153341924672824,0.025,0.06864925399239634,0.48249500113400423,8,blocked,1.0
126,All,0.0,1,0.4707804365898334,0.4523479310616334,0.1025,0.1248675351910266,0.4984803861325052,8,early,
127,Training,0.0,1,0.4773921436515721,0.46215065086036466,0.103125,0.12163197837724915,0.495565366327636,8,early,
128,Test,0.0,1,0.4443336083428786,0.41313705186670846,0.1,0.13780976244613638,0.5101404653519819,8,early,1.0
129,All,0.0,1,0.461213408744616,0.45502558379590824,0.22,0.17392713230637347,0.5084450663359508,8,middle,
130,Training,0.0,1,0.47222731466770895,0.465325211340115,0.2,0.16429274143298422,0.4992373877239734,8,middle,
131,Test,0.0,1,0.41715778505224416,0.4138270736190809,0.3,0.2124646957999306,0.5452757807838605,8,middle,1.0
132,All,0.0,1,0.4316067761462193,0.41723118336445664,0.2175,0.16568947742620338,0.504508580751703,8,late,
133,Training,0.0,1,0.4394934779094696,0.428723411529648,0.19375,0.15340036916158079,0.4987151448191991,8,late,
134,Test,0.0,1,0.4000599690932182,0.3712622707036913,0.3125,0.21484591048469373,0.5276823244817189,8,late,1.0
135,All,0.0,1,0.42855963671860886,0.41896099538010956,0.1125,0.11935375836852369,0.5101109707894973,9,interleaved,
136,Training,0.0,1,0.43599578489116547,0.43075136759498045,0.121875,0.11651980738235254,0.5022406756446729,9,interleaved,
137,Test,0.0,1,0.3988150440283823,0.3717995065206261,0.075,0.13068956231320844,0.5415921513687952,9,interleaved,1.0
138,All,0.0,1,0.474523998659819,0.4631741394377314,0.125,0.12872731294486509,0.5016109001539398,9,blocked,
139,Training,0.0,1,0.47709014760542656,0.4652229862074065,0.109375,0.11906699770902252,0.4963066074565172,9,blocked,
140,Test,0.0,1,0.4642594028773886,0.4549787523590309,0.1875,0.1673685738882354,0.5228280709436299,9,blocked,1.0
141,All,0.0,1,0.488872022037267,0.48422099860939843,0.1175,0.1342325917083155,0.5375228505259819,9,early,
142,Training,0.0,1,0.4969457510127641,0.4961122386596319,0.109375,0.12226598194373887,0.537394778682454,9,early,
143,Test,0.0,1,0.45657710613527824,0.4366560384084647,0.15,0.1820990307666221,0.5380351379000938,9,early,1.0
144,All,0.0,1,0.4995947096450359,0.4453477406430305,0.21,0.19734976292147902,0.5091550811877401,9,middle,
145,Training,0.0,1,0.5087247851318526,0.4568868785185269,0.20625,0.19350924691811447,0.5185207342208379,9,middle,
146,Test,0.0,1,0.4630744076977692,0.39919118914104496,0.225,0.21271182693493734,0.4716924690553487,9,middle,1.0
147,All,0.0,1,0.4808368535699117,0.4770896578417627,0.1175,0.11435694414016892,0.48911825197104136,9,late,
148,Training,0.0,1,0.48602849054606195,0.48553683021782634,0.1125,0.10669724487265478,0.4917584710489912,9,late,
149,Test,0.0,1,0.4600703056653106,0.4433009683375081,0.1375,0.1449957412102255,0.478557375659242,9,late,1.0
150,All,0.0,1,0.4635287052296896,0.465549038859522,0.1125,0.11271255931054061,0.5046242246746914,10,interleaved,
151,Training,0.0,1,0.47364933063406217,0.4790961267342526,0.10625,0.10861353819696493,0.5044225678623103,10,interleaved,
152,Test,0.0,1,0.423046203612199,0.41136068736059955,0.1375,0.12910864376484335,0.5054308519242149,10,interleaved,1.0
153,All,0.0,1,0.4432589117839647,0.42596013181702375,0.0925,0.11920508907538388,0.517424777213069,10,blocked,
154,Training,0.0,1,0.4492797327872232,0.43719125840766215,0.0625,0.10169031390178382,0.5235874312786444,10,blocked,
155,Test,0.0,1,0.41917562777093065,0.38103562545446995,0.2125,0.18926418976978412,0.4927741609507673,10,blocked,1.0
156,All,0.0,1,0.42238460342399753,0.4033078357614011,0.235,0.18632598091707642,0.5094059213145868,10,early,
157,Training,0.0,1,0.43131294507393264,0.4132216019064721,0.221875,0.1814176419871223,0.5040663691825206,10,early,
158,Test,0.0,1,0.38667123682425725,0.36365277118111755,0.2875,0.20595933663689298,0.530764129842852,10,early,1.0
159,All,0.0,1,0.4291044047981468,0.4089858341971357,0.1975,0.16349153712877698,0.5537637155482186,10,middle,
160,Training,0.0,1,0.4375462604926539,0.4204415247448277,0.178125,0.15335437998671692,0.5458403876497041,10,middle,
161,Test,0.0,1,0.39533698202011863,0.3631630720063675,0.275,0.20404016569701722,0.5854570271422764,10,middle,1.0
162,All,0.0,1,0.5024937441972909,0.4814862981602942,0.075,0.11105000568465971,0.5103203454980895,10,late,
163,Training,0.0,1,0.514563015601428,0.49629856720010973,0.06875,0.10070665571117954,0.49691053792477086,10,late,
164,Test,0.0,1,0.45421665858074234,0.4222372220010323,0.1,0.15242340557858045,0.563959575791364,10,late,1.0
165,All,0.0,1,0.44537788316593024,0.45101347274086073,0.135,0.13933358164736276,0.5277045384732172,11,interleaved,
166,Training,0.0,1,0.4494991920742876,0.4573787244588344,0.1125,0.12287893716877848,0.5234747684763263,11,interleaved,
167,Test,0.0,1,0.42889264753250084,0.4255524658689664,0.225,0.20515215956169985,0.5446236184607809,11,interleaved,1.0
168,All,0.0,1,0.45935130402021324,0.4417245641539488,0.1925,0.16688424426264084,0.5047909630338367,11,blocked,
169,Training,0.0,1,0.47113242957163753,0.452693415011189,0.178125,0.15991681116751214,0.5129070293800996,11,blocked,
170,Test,0.0,1,0.4122268018145164,0.3978491607249878,0.25,0.19475397664315577,0.47232669764878565,11,blocked,1.0
171,All,0.0,1,0.4526675935515698,0.4305592598739991,0.2,0.16362491488740108,0.5017842878280747,11,early,
172,Training,0.0,1,0.4640887533170327,0.4431369223351562,0.190625,0.15892789302882418,0.48612002658308173,11,early,
173,Test,0.0,1,0.4069829544897181,0.3802486100293704,0.2375,0.18241300232170868,0.5644413328080466,11,early,1.0
174,All,0.0,1,0.46141061596868027,0.43086531380563003,0.215,0.1719533513335565,0.5037224794986873,11,middle,
175,Training,0.0,1,0.4692171064426832,0.4433960370971371,0.209375,0.16979918965000004,0.5061404718333394,11,middle,
176,Test,0.0,1,0.4301846540726681,0.38074242063960184,0.2375,0.18056999806778226,0.4940505101600795,11,middle,1.0
177,All,0.0,1,0.4276071322332789,0.4396856242730206,0.14,0.1304975549970121,0.5329838982078595,11,late,
178,Training,0.0,1,0.4324660744659582,0.44934986911620367,0.1125,0.11561417135167273,0.5354050416632918,11,late,
179,Test,0.0,1,0.4081713633025616,0.40102864490028833,0.25,0.19003108957836973,0.5232993243861301,11,late,1.0
180,All,0.0,1,0.5145302834895884,0.4549663889507009,0.2525,0.20393732569670334,0.5081191081547165,12,interleaved,
181,Training,0.0,1,0.5228495418571529,0.4622476262073638,0.259375,0.20347836969658584,0.5192196737211686,12,interleaved,
182,Test,0.0,1,0.4812532500193305,0.42584143992404966,0.225,0.20577314969717317,0.4637168458889079,12,interleaved,1.0
183,All,0.0,1,0.46387757100525095,0.46924003597564606,0.1125,0.12128707228102734,0.5134409898043595,12,blocked,
184,Training,0.0,1,0.4691419382852645,0.4801307693024041,0.103125,0.11580658438067123,0.5165748597526506,12,blocked,
185,Test,0.0,1,0.4428201018851965,0.4256771026686138,0.15,0.14320902388245166,0.5009055100111951,12,blocked,1.0
186,All,0.0,1,0.4627113644209646,0.4521346080222526,0.225,0.18002084418693903,0.5083232680025332,12,early,
187,Training,0.0,1,0.47212559509113006,0.4648008326545917,0.2,0.16876315028097205,0.5098159503869062,12,early,
188,Test,0.0,1,0.4250544417403027,0.4014697094928958,0.325,0.22505161981080687,0.5023525384650416,12,early,1.0
189,All,0.0,1,0.47018957042021997,0.4300615995624393,0.2825,0.19122456557690953,0.5512736367664554,12,middle,
190,Training,0.0,1,0.47413893093062653,0.4387330559107062,0.2625,0.17987234288252746,0.548074690784221,12,middle,
191,Test,0.0,1,0.4543921283785938,0.39537577416937114,0.3625,0.23663345635443775,0.5640694206953928,12,middle,1.0
192,All,0.0,1,0.45669772160753275,0.4324794674140501,0.215,0.17174218013346867,0.5094536060076452,12,late,
193,Training,0.0,1,0.4628641605047407,0.44393152704760797,0.196875,0.15832110911277192,0.5040752581078589,12,late,
194,Test,0.0,1,0.4320319660187009,0.3866712288798185,0.2875,0.2254264642162557,0.5309669976067908,12,late,1.0
195,All,0.0,1,0.4699567716247738,0.4568149758997231,0.1925,0.15765277632699032,0.5070965252853196,13,interleaved,
196,Training,0.0,1,0.4780889607623601,0.46805985683826,0.1875,0.1445933783997606,0.5030373956245107,13,interleaved,
197,Test,0.0,1,0.43742801507442863,0.4118354521455755,0.2125,0.20989036803590913,0.5233330439285556,13,interleaved,1.0
198,All,0.0,1,0.46707667886907245,0.4516391578690095,0.1325,0.1323332014031971,0.4872372467411459,13,blocked,
199,Training,0.0,1,0.47928700336535734,0.4619120658717314,0.11875,0.12596430339702075,0.48504109749328617,13,blocked,
200,Test,0.0,1,0.4182353808839331,0.41054752585812115,0.1875,0.15780879342790252,0.4960218437325845,13,blocked,1.0
201,All,0.0,1,0.48426633154608295,0.4551070086880711,0.1525,0.13949780851762875,0.5522876899444228,13,early,
202,Training,0.0,1,0.49349022132031206,0.4678877978352564,0.140625,0.12915514657704424,0.5403456618618494,13,early,
203,Test,0.0,1,0.4473707724491664,0.40398385209932935,0.2,0.1808684562799668,0.600055802274716,13,early,1.0
204,All,0.0,1,0.5095929962978915,0.4871050805124163,0.2575,0.19155544358899326,0.5294222396071636,13,middle,
205,Training,0.0,1,0.5212234218083528,0.49387518589695006,0.26875,0.18946697895836917,0.5425468265820468,13,middle,
206,Test,0.0,1,0.4630712942560464,0.4600246589742816,0.2125,0.19990930211148977,0.47692389170763116,13,middle,1.0
207,All,0.0,1,0.4548516119283854,0.4376811665455552,0.145,0.1320785631295847,0.49110514366074765,13,late,
208,Training,0.0,1,0.4657644515189173,0.44961259151356414,0.14375,0.12919141373257986,0.4946629556170138,13,late,
209,Test,0.0,1,0.4112002535662576,0.3899554666735196,0.15,0.143627160717604,0.47687389583568285,13,late,1.0
210,All,0.0,1,0.4361994063475959,0.39898451990771006,0.175,0.15837255035289802,0.5149657215370739,14,interleaved,
211,Training,0.0,1,0.4437384257786687,0.4110504081082377,0.153125,0.14315163159763897,0.5129957393477842,14,interleaved,
212,Test,0.0,1,0.4060433286233049,0.3507209671055998,0.2625,0.2192562253739343,0.5228456502942332,14,interleaved,1.0
213,All,0.0,1,0.4563688677823056,0.42900783078354576,0.25,0.18881576869531408,0.5658089108856619,14,blocked,
214,Training,0.0,1,0.4644939310947803,0.44138403440958773,0.246875,0.18348364086039526,0.553453853362852,14,blocked,
215,Test,0.0,1,0.42386861453240726,0.37950301627937827,0.2625,0.21014428003498936,0.6152291409769015,14,blocked,1.0
216,All,0.0,1,0.4824275327905867,0.4442512515271361,0.15,0.15607858693008778,0.5464098762342681,14,early,
217,Training,0.0,1,0.4925265583027447,0.4555206563913119,0.14375,0.1518113021971091,0.5468614650548964,14,early,
218,Test,0.0,1,0.4420314307419545,0.3991736320704329,0.175,0.17314772586200255,0.5446035209517545,14,early,1.0
219,All,0.0,1,0.47454025109041276,0.4758370126685365,0.04,0.08372813071373546,0.5127067924586288,14,middle,
220,Training,0.0,1,0.48372002186610613,0.48525385383741576,0.04375,0.08567986657052458,0.5045685156851768,14,middle,
221,Test,0.0,1,0.43782116798763937,0.43816964799301966,0.025,0.07592118728657905,0.5452598995524369,14,middle,1.0
222,All,0.0,1,0.44888547838095294,0.42808701947631944,0.13,0.1405315755535198,0.5135249649044872,14,late,
223,Training,0.0,1,0.457611001100368,0.44060135848822596,0.11875,0.13424847428442083,0.513534823595197,14,late,
224,Test,0.0,1,0.41398338750329267,0.37802966342869304,0.175,0.1656639806299158,0.5134855301416478,14,late,1.0
225,All,0.0,1,0.46324755192598627,0.4361497703265127,0.095,0.12355110736210072,0.5341876880409907,15,interleaved,
226,Training,0.0,1,0.4676918590659309,0.44362021889392017,0.071875,0.1092103614283761,0.5206569552049874,15,interleaved,
227,Test,0.0,1,0.4454703233662075,0.4062679760568824,0.1875,0.18091409109699916,0.5883106193850042,15,interleaved,1.0
228,All,0.0,1,0.43859802799808134,0.4372614206417292,0.285,0.20975172618960314,0.5160044725423433,15,blocked,
229,Training,0.0,1,0.4462537100287054,0.4475779484141582,0.284375,0.20010927927745517,0.5183985296729938,15,blocked,
230,Test,0.0,1,0.40797529987558556,0.3959953095520131,0.2875,0.24832151383819503,0.5064282440197415,15,blocked,1.0
231,All,0.0,1,0.43722741254160485,0.44188272911305754,0.1225,0.13987098462966935,0.5317945504027088,15,early,
232,Training,0.0,1,0.4430448722066464,0.44862189891860194,0.10625,0.13225590340520715,0.5329856590713605,15,early,
233,Test,0.0,1,0.4139575738814392,0.4149260498908795,0.1875,0.17033130952751813,0.527030115728102,15,early,1.0
234,All,0.0,1,0.47851035617978316,0.48600231127062815,0.125,0.14509257391791952,0.5196636838527082,15,middle,
235,Training,0.0,1,0.4852401701455139,0.4927225472012897,0.1,0.1322328314597158,0.5310425568754511,15,middle,
236,Test,0.0,1,0.4515911003168604,0.4591213675479814,0.225,0.1965315437507344,0.4741481917617373,15,middle,1.0
237,All,0.0,1,0.4641144535865831,0.43322164787068584,0.1725,0.15581656485569184,0.5133825573414593,15,late,
238,Training,0.0,1,0.47028804620522685,0.44026649149525354,0.159375,0.14807887631365843,0.5086561346181504,15,late,
239,Test,0.0,1,0.4394200831120079,0.40504227337241466,0.225,0.18676731902382548,0.5322882482346948,15,late,1.0
240,All,0.0,1,0.43856262477716257,0.42731007807771737,0.19,0.15709243493609482,0.5459479192813207,16,interleaved,
241,Training,0.0,1,0.4472790280697883,0.4372490977080103,0.196875,0.15489560072671799,0.5523930059286006,16,interleaved,
242,Test,0.0,1,0.40369701160665955,0.3875539995565459,0.1625,0.1658797717736021,0.520167572692201,16,interleaved,1.0
243,All,0.0,1,0.46016131736954247,0.41818184394603664,0.1125,0.13608624211612813,0.4959318525263106,16,blocked,
244,Training,0.0,1,0.4689372301140196,0.425376526433803,0.1125,0.136777155029807,0.4958002208799853,16,blocked,
245,Test,0.0,1,0.42505766639163384,0.3894031139949715,0.1125,0.13332259046141268,0.4964583791116116,16,blocked,1.0
246,All,0.0,1,0.459492423000682,0.46218693766885766,0.1,0.10869887903820814,0.5319516865500477,16,early,
247,Training,0.0,1,0.46726593403246497,0.4719613843042526,0.103125,0.10754638487159354,0.5276658336167794,16,early,
248,Test,0.0,1,0.42839837887355015,0.42308915112727774,0.0875,0.11330885570466646,0.5490950982831205,16,early,1.0
249,All,0.0,1,0.4505642635945654,0.428636336497676,0.215,0.1941687385825693,0.5313173265564535,16,middle,
250,Training,0.0,1,0.4581133083839725,0.4363641580150567,0.196875,0.1831310153754735,0.5168522036884668,16,middle,
251,Test,0.0,1,0.42036808443693663,0.3977250504281532,0.2875,0.23831963141095241,0.5891778180284,16,middle,1.0
252,All,0.0,1,0.44674376379220665,0.4305336900455001,0.245,0.1943438218260197,0.5102449919772163,16,late,
253,Training,0.0,1,0.45722401913172933,0.4450896842051645,0.24375,0.1898382116054472,0.5065968673374174,16,late,
254,Test,0.0,1,0.4048227424341161,0.3723097134068423,0.25,0.21236626270830952,0.5248374905364124,16,late,1.0
255,All,0.0,1,0.4472204365885593,0.42101422339162453,0.2025,0.16678877304201073,0.5556640654787409,17,interleaved,
256,Training,0.0,1,0.4559909308864436,0.4302902620087698,0.190625,0.153794757620544,0.5479173396985118,17,interleaved,
257,Test,0.0,1,0.4121384593970223,0.3839100689230431,0.25,0.2187648347278775,0.5866509685996576,17,interleaved,1.0
258,All,0.0,1,0.5060981213502221,0.5145272651052224,0.0475,0.0842313289050902,0.51531077104312,17,blocked,
259,Training,0.0,1,0.516519032968634,0.5263263643659573,0.05,0.08110708070285758,0.5142782204690104,17,blocked,
260,Test,0.0,1,0.4644144748765753,0.46733086806228297,0.0375,0.09672832171402065,0.5194409733395582,17,blocked,1.0
261,All,0.0,1,0.420982848287156,0.376663322397562,0.2425,0.21266005126202905,0.5554718082615399,17,early,
262,Training,0.0,1,0.42831780990612545,0.3881432879408152,0.215625,0.19858490428971393,0.5475998635160971,17,early,
263,Test,0.0,1,0.3916430018112786,0.33074346022454887,0.35,0.2689606391512895,0.5869595872433109,17,early,1.0
264,All,0.0,1,0.4819461546495412,0.5058013676317233,0.08,0.0950410468095739,0.5195812445796634,17,middle,
265,Training,0.0,1,0.4929671688655602,0.5213191581184506,0.040625,0.07273810280058149,0.513783345178887,17,middle,
266,Test,0.0,1,0.43786209778546525,0.44373020568481375,0.2375,0.1842528228455435,0.5427728421827682,17,middle,1.0
267,All,0.0,1,0.5043151597377377,0.4701829282454588,0.1625,0.14485051765755444,0.50720007742826,17,late,
268,Training,0.0,1,0.5182558425496235,0.4822210917924824,0.1375,0.13357450902278284,0.5062754500766131,17,late,
269,Test,0.0,1,0.44855242849019406,0.42203027405736443,0.2625,0.1899545521966408,0.5108985868348472,17,late,1.0
270,All,0.0,1,0.4441121649171745,0.3977795457083229,0.295,0.22552701984818177,0.536350190528138,18,interleaved,
271,Training,0.0,1,0.4547311091876023,0.4116261427039438,0.290625,0.22247242025465458,0.5461815164354171,18,interleaved,
272,Test,0.0,1,0.40163638783546346,0.3423931577258395,0.3125,0.23774541822229062,0.4970248868990213,18,interleaved,1.0
273,All,0.0,1,0.47793690080473905,0.46073453475422194,0.2425,0.20666405384585673,0.5356730734974335,18,blocked,
274,Training,0.0,1,0.48957396007117493,0.46801259592829025,0.221875,0.2007478982556386,0.5522660655785389,18,blocked,
275,Test,0.0,1,0.43138866373899537,0.4316222900579486,0.325,0.23032867620672928,0.46930110517301227,18,blocked,1.0
276,All,0.0,1,0.4607500959048678,0.44801360743997565,0.0975,0.11453293185490968,0.5299414874414354,18,early,
277,Training,0.0,1,0.46603408508266286,0.45659666614740324,0.078125,0.10779750653041095,0.5191142051026523,18,early,
278,Test,0.0,1,0.4396141391936875,0.41368137261026516,0.175,0.14147463315290448,0.5732506167965681,18,early,1.0
279,All,0.0,1,0.4516386533438454,0.429784546249836,0.215,0.18394105714575334,0.5292259126223016,18,middle,
280,Training,0.0,1,0.4582118385683809,0.44336572540715924,0.2,0.17112551159837652,0.5362291128161937,18,middle,
281,Test,0.0,1,0.4253459124457035,0.3754598296205432,0.275,0.23520323933526072,0.5012131118467333,18,middle,1.0
282,All,0.0,1,0.4701124851857045,0.45762953570712367,0.2575,0.20704852456842282,0.5434265189017382,18,late,
283,Training,0.0,1,0.48155158564459855,0.4749522249451069,0.2375,0.19475764482941554,0.530314042440182,18,late,
284,Test,0.0,1,0.42435608335012887,0.3883387787551905,0.3375,0.25621204352445187,0.5958764247479629,18,late,1.0
285,All,0.0,1,0.4654253755387541,0.4497783887889277,0.2025,0.1725448726826701,0.5021043895974914,19,interleaved,
286,Training,0.0,1,0.47182227343237493,0.45503802780261837,0.215625,0.1757085127828345,0.5179662592622982,19,interleaved,
287,Test,0.0,1,0.4398377839642707,0.4287398327341652,0.15,0.15989031228201253,0.438656910938264,19,interleaved,1.0
288,All,0.0,1,0.48758987947837934,0.4631971134836479,0.1725,0.15990405305999733,0.4963053436201372,19,blocked,
289,Training,0.0,1,0.501007278336351,0.47591541837934004,0.153125,0.14110476366784896,0.48534789653672006,19,blocked,
290,Test,0.0,1,0.43392028404649297,0.41232389390087903,0.25,0.23510121062859088,0.5401351319538057,19,blocked,1.0
291,All,0.0,1,0.4470990826146515,0.4205413370932058,0.235,0.17691470035376974,0.5396636420598409,19,early,
292,Training,0.0,1,0.45672368445564737,0.43176470835696035,0.24375,0.17279751382693928,0.5467511822109085,19,early,
293,Test,0.0,1,0.4086006752506676,0.3756478520381878,0.2,0.19338344646109137,0.5113134814555704,19,early,1.0
294,All,0.0,1,0.45975269492537824,0.4483529184706913,0.0925,0.11441596041174684,0.5411768171021175,19,middle,
295,Training,0.0,1,0.46537520589778436,0.4575065313905936,0.078125,0.10455754484827988,0.5391596547569314,19,middle,
296,Test,0.0,1,0.43726265103575346,0.4117384667910822,0.15,0.15384962266561475,0.5492454664828614,19,middle,1.0
297,All,0.0,1,0.5248833620432579,0.5473983343296075,0.055,0.08179810776677497,0.51909362001272,19,late,
298,Training,0.0,1,0.539042931229348,0.5662038887112602,0.025,0.055974228397285254,0.509284004960693,19,late,
299,Test,0.0,1,0.46824508529889725,0.4721761168029973,0.175,0.18509362524473377,0.5583320802208281,19,late,1.0
300,All,0.0,1,0.4782466225591428,0.4667585843071291,0.205,0.1499244660790894,0.5141714101896883,20,interleaved,
301,Training,0.0,1,0.48647095935955337,0.47736132931949465,0.2,0.14595120111490445,0.514850965534451,20,interleaved,
302,Test,0.0,1,0.44534927535750063,0.42434760425766677,0.225,0.16581752593582935,0.5114531888106371,20,interleaved,1.0
303,All,0.0,1,0.4680429366375503,0.44041591970279287,0.175,0.17918210766264017,0.5340967547152546,20,blocked,
304,Training,0.0,1,0.47284479245281885,0.444828451256877,0.18125,0.18171109147132813,0.5436583123152077,20,blocked,
305,Test,0.0,1,0.4488355133764765,0.4227657934864565,0.15,0.16906617242788824,0.4958505243154425,20,blocked,1.0
306,All,0.0,1,0.4677047187107578,0.4561671937237361,0.095,0.11890515163003702,0.5017705597573335,20,early,
307,Training,0.0,1,0.47472510945629,0.46486952528435255,0.075,0.1060302369358836,0.49363822776555344,20,early,
308,Test,0.0,1,0.4396231557286289,0.42135786748127,0.175,0.17040481040665073,0.534299887724454,20,early,1.0
309,All,0.0,1,0.48565128100911115,0.4539731554646873,0.295,0.20055001905449196,0.5034049875881145,20,middle,
310,Training,0.0,1,0.495322477794237,0.4652640011991611,0.271875,0.1841468991694079,0.4928024187509024,20,middle,
311,Test,0.0,1,0.4469664938686077,0.40880977252679224,0.3875,0.2661624985948282,0.5458152629369627,20,middle,1.0
312,All,0.0,1,0.4803150158036312,0.4711847336923964,0.195,0.15169090597546442,0.5374122084598789,20,late,
313,Training,0.0,1,0.4868181239005376,0.4745420868759583,0.20625,0.1602294492396117,0.5617515474933218,20,late,
314,Test,0.0,1,0.45430258341600566,0.45775532095814864,0.15,0.11753673291887541,0.44005485232610725,20,late,1.0
315,All,0.0,1,0.4623179925853975,0.4560542132268117,0.2,0.15564480356352492,0.49886963473091567,21,interleaved,
316,Training,0.0,1,0.47457047127067276,0.4748171980100313,0.15,0.1330946893187938,0.4837176838771427,21,interleaved,
317,Test,0.0,1,0.4133080778442965,0.38100227409393383,0.4,0.24584526054244935,0.5594774381460078,21,interleaved,1.0
318,All,0.0,1,0.47972950297145966,0.45532339551691436,0.25,0.21695107624960028,0.5044415044457845,21,blocked,
319,Training,0.0,1,0.49040658171646156,0.46510940172030557,0.25,0.2156984912922245,0.49835490781526526,21,blocked,
320,Test,0.0,1,0.4370211879914521,0.41617937070334987,0.25,0.22196141607910347,0.5287878909678618,21,blocked,1.0
321,All,0.0,1,0.45847934714350735,0.4948361901971514,0.12,0.10328541401743166,0.540441181434425,21,early,
322,Training,0.0,1,0.46416041144839343,0.5033520803968485,0.109375,0.09467451852414596,0.5333050843227722,21,early,
323,Test,0.0,1,0.4357550899239634,0.46077262939836316,0.1625,0.1377289959905746,0.5689855698810365,21,early,1.0
324,All,0.0,1,0.4749721278300672,0.4683157387227406,0.2175,0.17597308282710572,0.559915898502951,21,middle,
325,Training,0.0,1,0.48210176375157604,0.479250190656581,0.190625,0.16352541234884233,0.5448887780936968,21,middle,
326,Test,0.0,1,0.446453584144032,0.4245779309873793,0.325,0.2257637647401592,0.6200243801399676,21,middle,1.0
327,All,0.0,1,0.45481944769889243,0.44732365189772394,0.135,0.11594288811393261,0.45874359203003046,21,late,
328,Training,0.0,1,0.4626067130851982,0.4565618336411436,0.121875,0.1091537184006112,0.4580671826567029,21,late,
329,Test,0.0,1,0.42367038615366953,0.41037092492404526,0.1875,0.1430995669672183,0.46144922952334066,21,late,1.0
330,All,0.0,1,0.5201068261970307,0.48281519607867585,0.225,0.17825861901872664,0.5201288458878447,22,interleaved,
331,Training,0.0,1,0.5273577631454838,0.48847356476972426,0.20625,0.16664344883218796,0.5265505307185203,22,interleaved,
332,Test,0.0,1,0.49110307840321843,0.460181721314482,0.3,0.22471929976488125,0.4944421065651429,22,interleaved,1.0
333,All,0.0,1,0.4406348494687983,0.432131295358496,0.09,0.10104237396486493,0.5138945529013377,22,blocked,
334,Training,0.0,1,0.4512599907617185,0.44619852442445024,0.06875,0.09103687277818365,0.5125494227811946,22,blocked,
335,Test,0.0,1,0.3981342842971177,0.375862379094679,0.175,0.1410643787115901,0.5192750733819098,22,blocked,1.0
336,All,0.0,1,0.4336422963641881,0.42045782082138117,0.1675,0.15598137703529566,0.5287562938171189,22,early,
337,Training,0.0,1,0.43986270620658874,0.4282652556036167,0.146875,0.1407132089167363,0.5296159893075411,22,early,
338,Test,0.0,1,0.40876065699458536,0.38922808169243905,0.25,0.217054049509533,0.5253175118554306,22,early,1.0
339,All,0.0,1,0.5195325217989271,0.4866601511456386,0.255,0.19305761755375972,0.5101171432338252,22,middle,
340,Training,0.0,1,0.5322841337555277,0.4982656058716762,0.25,0.19022873643986954,0.5074494188724155,22,middle,
341,Test,0.0,1,0.46852607397252444,0.44023833224148845,0.275,0.20437314200932044,0.5207880406794639,22,middle,1.0
342,All,0.0,1,0.4155187584393068,0.43548873064357374,0.1125,0.11099818255032062,0.5230750860018957,22,late,
343,Training,0.0,1,0.4225504526842275,0.446654250666212,0.09375,0.09789174169555356,0.5078379401129588,22,late,
344,Test,0.0,1,0.38739198145962406,0.3908266505530208,0.1875,0.16342394596938883,0.5840236695576431,22,late,1.0
345,All,0.0,1,0.42950504958267277,0.43928306302255143,0.215,0.1745135032893286,0.5058427640069894,23,interleaved,
346,Training,0.0,1,0.43878601969157105,0.45024658058126504,0.19375,0.15858776018103532,0.4968579131862606,23,interleaved,
347,Test,0.0,1,0.39238116914707905,0.39542899278769716,0.3,0.23821647572250182,0.5417821672899039,23,interleaved,1.0
348,All,0.0,1,0.46687493795488366,0.4511312127743777,0.23,0.17258941489508822,0.4967680024042548,23,blocked,
349,Training,0.0,1,0.47807568187490773,0.45992849374178235,0.21875,0.16814961219477695,0.4951742449419735,23,blocked,
350,Test,0.0,1,0.42207196227478716,0.41594208890475903,0.275,0.1903486256963331,0.5031430322533799,23,blocked,1.0
351,All,0.0,1,0.48154523375965497,0.48520993149083397,0.0525,0.10004801309152157,0.5285166459109019,23,early,
352,Training,0.0,1,0.4912825036670229,0.49381427365471664,0.04375,0.09138744602317425,0.5429639288449748,23,early,
353,Test,0.0,1,0.4425961541301838,0.4507925628353031,0.0875,0.13469028136491085,0.4707275141746104,23,early,1.0
354,All,0.0,1,0.4556294013633128,0.44267902954184457,0.19,0.1639626762589392,0.5391071749724284,23,middle,
355,Training,0.0,1,0.4645509236430921,0.4539452348152664,0.159375,0.1471581440496153,0.5183479991282213,23,middle,
356,Test,0.0,1,0.4199433122441957,0.3976142084481573,0.3125,0.23118080509623487,0.6221438783492568,23,middle,1.0
357,All,0.0,1,0.473894396717355,0.4493906859865076,0.115,0.12100061503670759,0.49145152283093124,23,late,
358,Training,0.0,1,0.48437196888300355,0.4600993135734597,0.090625,0.1146282614392889,0.5015986257026459,23,late,
359,Test,0.0,1,0.43198410805476073,0.4065561756386994,0.2125,0.14649002942638234,0.45086311134407264,23,late,1.0
360,All,0.0,1,0.4920982616606541,0.48333300780977323,0.175,0.12547470459758026,0.4894928166992099,24,interleaved,
361,Training,0.0,1,0.4996581184139915,0.4911331059886398,0.178125,0.12411326557221691,0.4929915840680552,24,interleaved,
362,Test,0.0,1,0.4618588346473048,0.4521326150943068,0.1625,0.13092046069903368,0.47549774722382887,24,interleaved,1.0
363,All,0.0,1,0.4310991364724655,0.4142089337443477,0.28,0.24183103868290756,0.5538730765768686,24,blocked,
364,Training,0.0,1,0.4339434594532113,0.42160490864871764,0.240625,0.2161101321949193,0.5367989529461852,24,blocked,
365,Test,0.0,1,0.41972184454948264,0.38462503412686805,0.4375,0.3447146646348606,0.6221695710996024,24,blocked,1.0
366,All,0.0,1,0.43613614182000776,0.4337069403734226,0.135,0.13938872256843227,0.5178621107955128,24,early,
367,Training,0.0,1,0.44692624408738063,0.44619740234642347,0.1,0.12724603892740818,0.5123321948316715,24,early,
368,Test,0.0,1,0.3929757327505163,0.383745092481419,0.275,0.18795945713252854,0.5399817746508782,24,early,1.0
369,All,0.0,1,0.4622082189529798,0.5010130923412962,0.1,0.10751183218614387,0.5269079981278644,24,middle,
370,Training,0.0,1,0.4686627718706285,0.5087821499886618,0.084375,0.09710482994601696,0.5369494156090718,24,middle,
371,Test,0.0,1,0.4363900072823848,0.4699368617518343,0.1625,0.14913984114665135,0.4867423282030341,24,middle,1.0
372,All,0.0,1,0.46091288874288555,0.47280369532885275,0.0275,0.06697868197364246,0.5118931146955801,24,late,
373,Training,0.0,1,0.4720071988899015,0.4846612110187848,0.01875,0.062413144366505434,0.5034811958064981,24,late,
374,Test,0.0,1,0.41653564815482175,0.42537363256912475,0.0625,0.08524083240219053,0.5455407902519083,24,late,1.0
375,All,0.0,1,0.46311118974256554,0.4465572738755039,0.2025,0.16150768082025824,0.5277676750145676,25,interleaved,
376,Training,0.0,1,0.47194050971078894,0.45457891716320287,0.190625,0.1555438671115535,0.5259883263806435,25,interleaved,
377,Test,0.0,1,0.4277939098696719,0.41447070072470815,0.25,0.1853629356550774,0.5348850695502646,25,interleaved,1.0
378,All,0.0,1,0.45754538868423134,0.47146887114514596,0.1325,0.12824248242840292,0.49623091313885437,25,blocked,
379,Training,0.0,1,0.4642594729274012,0.48172656073004794,0.14375,0.12727359196305088,0.5037416426411273,25,blocked,
380,Test,0.0,1,0.4306890517115521,0.43043811280553823,0.0875,0.13211804428981108,0.46618799512976244,25,blocked,1.0
381,All,0.0,1,0.4488584496600165,0.42152392415472323,0.18,0.15113536236936523,0.5201305578738751,25,early,
382,Training,0.0,1,0.4563282795133307,0.43045663043449256,0.15625,0.14003573405928227,0.5073036979586059,25,early,
383,Test,0.0,1,0.4189791302467596,0.38579309903564607,0.275,0.1955338756096971,0.571437997534952,25,early,1.0
384,All,0.0,1,0.4135225089859885,0.3978916723445085,0.2575,0.18898535338510636,0.5014064483286367,25,middle,
385,Training,0.0,1,0.41590786552931847,0.40431004839985596,0.25625,0.18233101922641567,0.5057736792690941,25,middle,
386,Test,0.0,1,0.4039810828126687,0.37221816812311825,0.2625,0.21560269001986923,0.4839375245668071,25,middle,1.0
387,All,0.0,1,0.45540334260241855,0.441035341214253,0.13,0.12706439520581556,0.5150271409237601,25,late,
388,Training,0.0,1,0.46540464961758465,0.45103471783610016,0.1125,0.11658462032945724,0.5159842101094565,25,late,
389,Test,0.0,1,0.415398114541754,0.40103783472686433,0.2,0.1689834947112488,0.5111988641809747,25,late,1.0
390,All,-0.0011321072852307004,2,0.5198513019088643,0.5300745827544935,0.0625,0.08722254106637223,0.519342616832414,26,interleaved,
391,Training,0.0,2,0.5368944234771607,0.5477339272523736,0.04375,0.07542668137354383,0.5081169328871173,26,interleaved,
392,Test,0.0,1,0.4516788156356795,0.45943720476297384,0.1375,0.13440597983768585,0.564245352613601,26,interleaved,1.0
393,All,0.0,1,0.44985852111013114,0.4401871656478839,0.1625,0.14239195586484535,0.5043453941467773,26,blocked,
394,Training,0.0,1,0.4563710090225112,0.447553483159318,0.15625,0.13994112285108212,0.5042529386266409,26,blocked,
395,Test,0.0,1,0.42380856946061096,0.41072189560214767,0.1875,0.1521952879198982,0.5047152162273227,26,blocked,1.0
396,All,0.0,1,0.46268106986432145,0.4537327749248073,0.0975,0.10949533948693409,0.4913594112780524,26,early,
397,Training,0.0,1,0.4696953475993551,0.4621778627513501,0.096875,0.10669891722642921,0.497553559170675,26,early,
398,Test,0.0,1,0.4346239589241868,0.4199524236186362,0.1,0.12068102852895371,0.46658281970756227,26,early,1.0
399,All,0.0,1,0.41750255113651097,0.36382067752536634,0.2075,0.189410719696811,0.537625221566188,26,middle,
400,Training,0.0,1,0.4232039710987128,0.37281736316316516,0.19375,0.18286251205231896,0.5307836305822375,26,middle,
401,Test,0.0,1,0.3946968712877036,0.3278339349741712,0.2625,0.2156035502747792,0.5649915855019894,26,middle,1.0
402,All,0.0,1,0.43277518058952985,0.4076799299939074,0.205,0.15003222671670735,0.5228223929568313,26,late,
403,Training,0.0,1,0.44063554978407843,0.41620566228397554,0.184375,0.1435239301057419,0.5065549440693724,26,late,
404,Test,0.0,1,0.4013337038113354,0.373577000833635,0.2875,0.17606541316056912,0.587892188506667,26,late,1.0
405,All,0.0,1,0.4409162860799553,0.42697930590916866,0.055,0.10875853649855038,0.5567152004651692,27,interleaved,
406,Training,0.0,1,0.4496507211579332,0.44088244567803353,0.034375,0.0931116631663243,0.5442736782357624,27,interleaved,
407,Test,0.0,1,0.4059785457680436,0.3713667468337095,0.1375,0.17134602982745467,0.6064812893827964,27,interleaved,1.0
408,All,0.0,1,0.4720813338208997,0.4555148491651487,0.0825,0.11560978825136091,0.5296761431996085,27,blocked,
409,Training,0.0,1,0.4802694344961162,0.46446551060099067,0.06875,0.10863836526639917,0.5342479737631951,27,blocked,
410,Test,0.0,1,0.4393289311200332,0.41971220342178095,0.1375,0.1434954801912079,0.5113888209452624,27,blocked,1.0
411,All,0.0,1,0.41851550023083006,0.4112493175135496,0.115,0.13098055571798187,0.5332651880218217,27,early,
412,Training,0.0,1,0.42455366613524403,0.41839358265776083,0.1,0.1247064385899288,0.5215345897708679,27,early,
413,Test,0.0,1,0.3943628366131746,0.38267225693670465,0.175,0.15607702423019423,0.5801875810256366,27,early,1.0
414,All,0.0,1,0.4798315800209923,0.45473227768957986,0.1625,0.15194838340824546,0.5125423233565876,27,middle,
415,Training,0.0,1,0.48968327462648814,0.4600671268215768,0.15,0.14729717301748924,0.5119104383924602,27,middle,
416,Test,0.0,1,0.4404248015990092,0.43339288116159214,0.2125,0.17055322497127032,0.5150698632130972,27,middle,1.0
417,All,0.0,1,0.4856849898034361,0.433732699326177,0.22,0.1942537463793623,0.510400781065472,27,late,
418,Training,0.0,1,0.49490931308237485,0.443355483918263,0.203125,0.17914869024702443,0.5003988371939203,27,late,
419,Test,0.0,1,0.4487876966876813,0.39524156095783286,0.2875,0.2546739709087137,0.550408556551679,27,late,1.0
420,All,0.0,1,0.46350592624097936,0.443614284674873,0.2125,0.1613925068550293,0.511066064758683,28,interleaved,
421,Training,0.0,1,0.47305137330148544,0.45563414590213486,0.196875,0.15422296157830145,0.5116979957269383,28,interleaved,
422,Test,0.0,1,0.4253241379989551,0.3955348397658256,0.275,0.1900706879619408,0.5085383408856616,28,interleaved,1.0
423,All,0.0,1,0.4509353838484311,0.42568543180852414,0.145,0.13573154640393234,0.5301394730932987,28,blocked,
424,Training,0.0,1,0.45888496550123015,0.43564433537255987,0.140625,0.13317609232863165,0.5320155732598825,28,blocked,
425,Test,0.0,1,0.41913705723723466,0.3858498175523811,0.1625,0.1459533627051352,0.5226350724269635,28,blocked,1.0
426,All,0.0,1,0.48276141971630576,0.4633476165682996,0.2525,0.19128516979496873,0.5259659561875271,28,early,
427,Training,0.0,1,0.4952269924678819,0.4754501043842918,0.25,0.19024696395263646,0.5270139119120428,28,early,
428,Test,0.0,1,0.43289912871000114,0.41493766530433074,0.2625,0.195437993164298,0.5217741332894639,28,early,1.0
429,All,0.0,1,0.4673848251885483,0.46380012429673895,0.17,0.14567582225073245,0.5166366139033809,28,middle,
430,Training,0.0,1,0.4767543238580954,0.4730476401517115,0.1875,0.14853145846143279,0.5266978959472878,28,middle,
431,Test,0.0,1,0.4299068305103599,0.42681006087684875,0.1,0.13425327740793108,0.4763914857277527,28,middle,1.0
432,All,0.0,1,0.49768202261620054,0.4827093828447403,0.2375,0.20815702947935377,0.5555521807428053,28,late,
433,Training,0.0,1,0.5082238501992552,0.49735085662513007,0.23125,0.19693392463453355,0.5510310183265391,28,late,
434,Test,0.0,1,0.4555147122839818,0.4241434877231808,0.2625,0.2530494488586347,0.5736368304078707,28,late,1.0
435,All,0.0,1,0.4305978673580059,0.42051218437163645,0.065,0.0824096796965341,0.5023274178710249,29,interleaved,
436,Training,0.0,1,0.4372162067157748,0.4300299903011647,0.05,0.07507279800080553,0.49955489367390216,29,interleaved,
437,Test,0.0,1,0.4041245099269302,0.3824409606535236,0.125,0.11175720647944831,0.5134175146595157,29,interleaved,1.0
438,All,0.0,1,0.4608978467993665,0.4858386527380836,0.03,0.07198819024402597,0.48286467233916097,29,blocked,
439,Training,0.0,1,0.4720736732955227,0.5032417997306815,0.01875,0.06294499648852606,0.48590207712888445,29,blocked,
440,Test,0.0,1,0.41619454081474205,0.41622606476769153,0.075,0.10816096526602563,0.4707150531802674,29,blocked,1.0
441,All,0.0,1,0.43577377335452816,0.4296631410154936,0.2375,0.2061671902214676,0.5190428904209355,29,early,
442,Training,0.0,1,0.4432621221475874,0.4405639773693387,0.225,0.20323851316507696,0.5206350281249367,29,early,
443,Test,0.0,1,0.4058203781822914,0.38605979560011305,0.2875,0.21788189844703032,0.5126743396049307,29,early,1.0
444,All,0.0,1,0.49202664951465497,0.48290458083279303,0.13,0.12138018173961082,0.5081209718638581,29,middle,
445,Training,0.0,1,0.5019320741155969,0.49397066672945067,0.125,0.11432738088948606,0.506150645808446,29,middle,
446,Test,0.0,1,0.45240495111088663,0.43864023724616297,0.15,0.14959138514010997,0.5160022760855061,29,middle,1.0
447,All,0.0,1,0.5062050049342268,0.5149426182233399,0.07,0.10193150134584078,0.4994736012625554,29,late,
448,Training,0.0,1,0.5166368193952979,0.5256416132426656,0.046875,0.08990021514591691,0.4850587058686324,29,late,
449,Test,0.0,1,0.4644777470899422,0.4721466381460366,0.1625,0.1500566461455363,0.5571331828382473,29,late,1.0
450,All,0.0,1,0.48963540672832223,0.4656175290660276,0.1675,0.13750018035275477,0.4924940901567062,30,interleaved,
451,Training,0.0,1,0.5002670865862016,0.47812264593427917,0.159375,0.13420107039164636,0.4955989295041068,30,interleaved,
452,Test,0.0,1,0.447108687296805,0.41559706159302146,0.2,0.15069662019718827,0.48007473276710366,30,interleaved,1.0
453,All,0.0,1,0.43712094462649687,0.42714190208425523,0.155,0.13510991394632013,0.5165016247435067,30,blocked,
454,Training,0.0,1,0.4416097611151407,0.43495929177028714,0.159375,0.13264788011224504,0.5252398242059135,30,blocked,
455,Test,0.0,1,0.41916567867192134,0.3958723433401271,0.1375,0.1449580492826204,0.4815488268938797,30,blocked,1.0
456,All,0.0,1,0.48861153021305653,0.43881945720866056,0.205,0.1750989704796578,0.5626955115636234,30,early,
457,Training,0.0,1,0.49133813330505477,0.44588318952522615,0.209375,0.17082253814027143,0.5524022528016959,30,early,
458,Test,0.0,1,0.4777051178450637,0.41056452794239817,0.1875,0.1922046998372033,0.6038685466113336,30,early,1.0
459,All,0.0,1,0.4849799808759085,0.4440364481609133,0.135,0.13855265846724538,0.5272549616484783,30,middle,
460,Training,0.0,1,0.4966621843635538,0.45281680404217817,0.121875,0.13257756779558952,0.5215219491168768,30,middle,
461,Test,0.0,1,0.43825116692532773,0.4089150246358539,0.1875,0.16245302115386887,0.5501870117748842,30,middle,1.0
462,All,0.0,1,0.46319227799718743,0.4323626658211163,0.195,0.16046544340386376,0.4846986649761123,30,late,
463,Training,0.0,1,0.47359692045663093,0.4442360381189399,0.203125,0.1569062477660106,0.4905933019379793,30,late,
464,Test,0.0,1,0.42157370815941364,0.3848691766298221,0.1625,0.17470222595527635,0.4611201171286446,30,late,1.0
465,All,0.0,1,0.45506571084067776,0.45763038034802533,0.0975,0.11119602875207069,0.4844493146764172,31,interleaved,
466,Training,0.0,1,0.4637402078834644,0.46841391197008664,0.084375,0.10080433812965794,0.47371967274457516,31,interleaved,
467,Test,0.0,1,0.42036772266953165,0.41449625385978006,0.15,0.15276279124172168,0.527367882403786,31,interleaved,1.0
468,All,0.0,1,0.45617461012861416,0.4406996055168991,0.1275,0.15028777316964576,0.5396576196132539,31,blocked,
469,Training,0.0,1,0.46231261547041724,0.45078175879041166,0.13125,0.14536302375040708,0.5455771727696644,31,blocked,
470,Test,0.0,1,0.4316225887614017,0.40037099242284874,0.1125,0.16998677084660052,0.5159794069876117,31,blocked,1.0
471,All,0.0,1,0.5255308961024207,0.5180283387680181,0.19,0.1555180756288539,0.5019485552444185,31,early,
472,Training,0.0,1,0.5319194450303784,0.5244220070712056,0.190625,0.14876378480784672,0.5043787761176646,31,early,
473,Test,0.0,1,0.4999767003905907,0.49245366555526876,0.1875,0.18253523891288254,0.4922276717514336,31,early,1.0
474,All,0.0,1,0.4548570600747474,0.448803391265784,0.195,0.16192630570086647,0.5082771091829423,31,middle,
475,Training,0.0,1,0.4629299434017098,0.4584676733861768,0.196875,0.15818469610376631,0.5051697594244345,31,middle,
476,Test,0.0,1,0.42256552676689796,0.41014626278421257,0.1875,0.17689274408926706,0.5207065082169733,31,middle,1.0
477,All,0.0,1,0.4883807911640193,0.4709717824644011,0.0325,0.08763212209229883,0.5261181961969511,31,late,
478,Training,0.0,1,0.4971979523034141,0.4798505705152188,0.028125,0.08011398949146584,0.517951078603305,31,late,
479,Test,0.0,1,0.45311214660644,0.43545663026113035,0.05,0.11770465249563081,0.558786666571536,31,late,1.0
480,All,0.0,1,0.4228248357197862,0.3909908347326616,0.2175,0.19111643758496705,0.5458594113399068,32,interleaved,
481,Training,0.0,1,0.43071606336272417,0.4016893595945046,0.215625,0.1891690810061055,0.5563217308766922,32,interleaved,
482,Test,0.0,1,0.39125992514803415,0.34819673528528966,0.225,0.19890586390041332,0.5040101331927651,32,interleaved,1.0
483,All,0.0,1,0.4480939076624933,0.4653725720337073,0.095,0.10197048181863881,0.49116140817785264,32,blocked,
484,Training,0.0,1,0.45853015181378154,0.4808288264054609,0.05,0.07492611729271134,0.4724492383247646,32,blocked,
485,Test,0.0,1,0.4063489310573401,0.4035475545466928,0.275,0.21014793992234856,0.5660100875902049,32,blocked,1.0
486,All,0.0,1,0.4932000784630289,0.47485431527048133,0.1125,0.12507975759149595,0.4937933794999749,32,early,
487,Training,0.0,1,0.504748529590845,0.4883680485733377,0.071875,0.10291279569007847,0.4840355188513291,32,early,
488,Test,0.0,1,0.44700627395176407,0.4207993820590561,0.275,0.21374760519716593,0.5328248220945581,32,early,1.0
489,All,0.0,1,0.47096214790432966,0.46888663181419665,0.15,0.1328078405636779,0.5224891294002074,32,middle,
490,Training,0.0,1,0.4801182551744555,0.4809084011627931,0.14375,0.12440352707152798,0.5186276476475531,32,middle,
491,Test,0.0,1,0.4343377188238262,0.4207995544198111,0.175,0.16642509453227755,0.5379350564108248,32,middle,1.0
492,All,0.0,1,0.44284699684738404,0.44483779652686034,0.085,0.11673404077696613,0.5706734435406976,32,late,
493,Training,0.0,1,0.45184769922312595,0.45232142137954356,0.090625,0.1187943820081899,0.57849908116796,32,late,
494,Test,0.0,1,0.4068441873444162,0.4149032971161272,0.0625,0.10849267585207101,0.539370893031648,32,late,1.0
495,All,0.0,1,0.4251621676612699,0.3927948487285721,0.165,0.15475591714939632,0.5124584443860246,33,interleaved,
496,Training,0.0,1,0.42808605763989527,0.3958239247018629,0.146875,0.14136669956323775,0.5109118655829933,33,interleaved,
497,Test,0.0,1,0.41346660774676847,0.3806785448354092,0.2375,0.2083127874940308,0.51864475959815,33,interleaved,1.0
498,All,0.0,1,0.44768674372965905,0.44685186190100323,0.1525,0.13003509370501942,0.5198503727974346,33,blocked,
499,Training,0.0,1,0.45641179452711694,0.45781004904116324,0.1375,0.12004304052732265,0.5072486552882369,33,blocked,
500,Test,0.0,1,0.4127865405398273,0.40301911334036333,0.2125,0.17000330641580647,0.5702572428342257,33,blocked,1.0
501,All,0.0,1,0.4425448253278274,0.4528738377850749,0.075,0.08869926371161924,0.5236924613087566,33,early,
502,Training,0.0,1,0.4515239300817806,0.4648231221300597,0.05625,0.07812000709047136,0.518781543672599,33,early,
503,Test,0.0,1,0.40662840631201463,0.40507670040513516,0.15,0.1310162901962109,0.5433361318533869,33,early,1.0
504,All,0.0,1,0.45694248058658277,0.4673530458053355,0.1775,0.14819360952714067,0.5345152383107059,33,middle,
505,Training,0.0,1,0.46607972535058795,0.48181486903031584,0.16875,0.14011917028410265,0.5349040286583775,33,middle,
506,Test,0.0,1,0.4203935015305623,0.40950575290541424,0.2125,0.1804913664992928,0.5329600769200201,33,middle,1.0
507,All,0.0,1,0.4815725292073546,0.5102020780831402,0.0525,0.0826905782097312,0.507224622348883,33,late,
508,Training,0.0,1,0.4873102727315974,0.5175233105268264,0.046875,0.07665726877540033,0.5091257909142937,33,late,
509,Test,0.0,1,0.4586215551103832,0.48091714830839605,0.075,0.1068238159470547,0.49961994808723986,33,late,1.0
510,All,0.0,1,0.4812466369026932,0.4531840000080586,0.26,0.20520354864333054,0.5489404159220628,34,interleaved,
511,Training,0.0,1,0.49193265455098756,0.4665610689035583,0.2375,0.19492789251126832,0.5485115884184587,34,interleaved,
512,Test,0.0,1,0.43850256630951556,0.3996757244260599,0.35,0.24630617317157935,0.5506557259364788,34,interleaved,1.0
513,All,0.0,1,0.4504358469463893,0.44366060435058047,0.1275,0.11990249629502095,0.5100664360434091,34,blocked,
514,Training,0.0,1,0.4577092752757227,0.45392477950509236,0.09375,0.10331997401117984,0.5056818696269515,34,blocked,
515,Test,0.0,1,0.4213421336290555,0.40260390373253274,0.2625,0.18623258543038537,0.5276047017092397,34,blocked,1.0
516,All,0.0,1,0.4784448003619585,0.4394050743776592,0.195,0.1609452430112006,0.5235394019278953,34,early,
517,Training,0.0,1,0.4868281803677739,0.44798129236662065,0.175,0.14902034546305415,0.5137625139535424,34,early,
518,Test,0.0,1,0.4449112803386967,0.40510020242181344,0.275,0.20864483320378663,0.5626469538253062,34,early,1.0
519,All,0.0,1,0.468848620458826,0.49914927741016496,0.005,0.030070804454585754,0.49680379323760177,34,middle,
520,Training,0.0,1,0.47648636627363916,0.5100639078869542,0.00625,0.02847950234810547,0.49808544125622306,34,middle,
521,Test,0.0,1,0.43829763719957343,0.45549075550300777,0.0,0.036436012880506914,0.49167720116311653,34,middle,1.0
522,All,0.0,1,0.4695478162442103,0.46400195027946384,0.1275,0.11746941092349067,0.48964911114099124,34,late,
523,Training,0.0,1,0.4812349252197724,0.4756640568162007,0.128125,0.11464201462083497,0.49558860726743303,34,late,
524,Test,0.0,1,0.42279938034196185,0.4173535241325158,0.125,0.12877899613411348,0.4658911266352243,34,late,1.0
525,All,0.0,1,0.4619147683818985,0.42744886450765873,0.18,0.17358286711995283,0.4839406611669583,35,interleaved,
526,Training,0.0,1,0.4715984396820668,0.4390574168742388,0.165625,0.16512246088743895,0.4811243086166363,35,interleaved,
527,Test,0.0,1,0.4231800831812253,0.38101465504133863,0.2375,0.20742449205000843,0.49520607136824585,35,interleaved,1.0
528,All,0.0,1,0.4731190874521442,0.4650888571543998,0.2475,0.1920975366669512,0.47495762614816067,35,blocked,
529,Training,0.0,1,0.48823492476462815,0.4825213255943506,0.23125,0.1773455695557536,0.4711770996137613,35,blocked,
530,Test,0.0,1,0.41265573820220836,0.39535898339459613,0.3125,0.2511054051117418,0.49007973228575796,35,blocked,1.0
531,All,0.0,1,0.4705259984658759,0.44885392830113274,0.07,0.09922833649783933,0.5131380325376083,35,early,
532,Training,0.0,1,0.48369284146165126,0.4619473810038457,0.053125,0.09081744739879223,0.5153331009735227,35,early,
533,Test,0.0,1,0.4178586264827744,0.3964801174902809,0.1375,0.13287189289402768,0.5043577587939503,35,early,1.0
534,All,0.0,1,0.45093777306958444,0.47465004979372744,0.0925,0.09004761042558433,0.5123861961348579,35,middle,
535,Training,0.0,1,0.4608439026423781,0.4847259544871811,0.084375,0.08495563732249245,0.5126574880196806,35,middle,
536,Test,0.0,1,0.4113132547784099,0.4343464310199126,0.125,0.11041550283795191,0.5113010285955675,35,middle,1.0
537,All,0.0,1,0.42966240433358566,0.43099810452854015,0.15,0.1366547768351986,0.5338599963104649,35,late,
538,Training,0.0,1,0.43681713775889597,0.44188393115802144,0.128125,0.1288706554948522,0.5239719793593601,35,late,
539,Test,0.0,1,0.4010434706323446,0.3874547980106152,0.2375,0.16779126219658422,0.5734120641148837,35,late,1.0
540,All,0.0,1,0.5060211983803696,0.4890201234052658,0.1875,0.16940861531646642,0.5170617039123443,36,interleaved,
541,Training,0.0,1,0.5185979690557943,0.4998287278922204,0.175,0.16561578826036208,0.5192339169783925,36,interleaved,
542,Test,0.0,1,0.4557141156786711,0.44578570545744745,0.2375,0.18457992354088382,0.5083728516481516,36,interleaved,1.0
543,All,0.0,1,0.464674382934058,0.4608900356141692,0.195,0.14663854369541376,0.5396620789469023,36,blocked,
544,Training,0.0,1,0.4701165638624275,0.4660695310927759,0.184375,0.138629154007293,0.5274975461479161,36,blocked,
545,Test,0.0,1,0.44290565922058006,0.44017205369974255,0.2375,0.17867610244789664,0.5883202101428473,36,blocked,1.0
546,All,0.0,1,0.47604163121054155,0.4496406150085413,0.165,0.15142200625026445,0.5102366354551696,36,early,
547,Training,0.0,1,0.4861454162929772,0.4588267304166943,0.146875,0.14074902632378966,0.5267697989684,36,early,
548,Test,0.0,1,0.4356264908807991,0.41289615337592867,0.2375,0.19411392595616372,0.44410398140224744,36,early,1.0
549,All,0.0,1,0.4742603132456472,0.49170793919543554,0.14,0.13930092353377657,0.5316986220565226,36,middle,
550,Training,0.0,1,0.4858600374979716,0.5050574984767927,0.13125,0.12962015071371918,0.5149798020164578,36,middle,
551,Test,0.0,1,0.42786141623635005,0.4383097020700072,0.175,0.17802401481400607,0.5985739022167818,36,middle,1.0
552,All,0.0,1,0.47895209155241125,0.4583232862775412,0.1875,0.1671528513604801,0.5081732741336294,36,late,
553,Training,0.0,1,0.4874863760788294,0.4700868127947791,0.1875,0.16256206451006275,0.5059973626286888,36,late,
554,Test,0.0,1,0.4448149534467389,0.4112691802085899,0.1875,0.1855159987621496,0.5168769201533919,36,late,1.0
555,All,0.0,1,0.46584410571831314,0.47097406540788356,0.13,0.10793064930383203,0.5019617494119912,37,interleaved,
556,Training,0.0,1,0.4703064965114491,0.4780521552137188,0.109375,0.09527259289852279,0.4906043274714727,37,interleaved,
557,Test,0.0,1,0.447994542545769,0.4426617061845426,0.2125,0.158562874925069,0.5473914371740655,37,interleaved,1.0
558,All,0.0,1,0.46630833091802415,0.4673491768774713,0.1075,0.11433143869975183,0.5035119988716761,37,blocked,
559,Training,0.0,1,0.4723374044505577,0.4817923934323035,0.090625,0.10472918138204752,0.49028042141996336,37,blocked,
560,Test,0.0,1,0.4421920367878895,0.40957631065814226,0.175,0.15274046797056914,0.5564383086785272,37,blocked,1.0
561,All,0.0,1,0.4905718189604505,0.4557611948708044,0.2,0.1586700218500961,0.48926162184301375,37,early,
562,Training,0.0,1,0.49608086694499376,0.4648783680055912,0.18125,0.15020982040700884,0.4875356917757806,37,early,
563,Test,0.0,1,0.46853562702227747,0.41929250233165716,0.275,0.19251082762244515,0.49616534211194613,37,early,1.0
564,All,0.0,1,0.4786175008135978,0.4677358268282519,0.1125,0.1338494766194724,0.5117542427603,37,middle,
565,Training,0.0,1,0.4911118220558352,0.48142477095313974,0.121875,0.13557413264577417,0.5165875494079913,37,middle,
566,Test,0.0,1,0.4286402158446478,0.4129800503287003,0.075,0.12695085251426527,0.49242101616953465,37,middle,1.0
567,All,0.0,1,0.4205871130957619,0.41562115963824015,0.1375,0.1400899827983459,0.5239187942160417,37,late,
568,Training,0.0,1,0.4287166186514817,0.4271065494141567,0.1125,0.11661828130218618,0.512092023731501,37,late,
569,Test,0.0,1,0.38806909087288316,0.36967960053457416,0.2375,0.23397678878298472,0.5712258761542046,37,late,1.0
570,All,0.0,1,0.4352225385704689,0.4181058079129009,0.115,0.11502678853813472,0.5274670270073198,38,interleaved,
571,Training,0.0,1,0.4426666267655972,0.42712367393251516,0.1125,0.10689450043915527,0.5262853907794132,38,interleaved,
572,Test,0.0,1,0.4054461857899557,0.3820343438344442,0.125,0.14755594093405255,0.5321935719189469,38,interleaved,1.0
573,All,0.0,1,0.470823582799828,0.46521017121375424,0.1625,0.13303692038141546,0.4968098909231779,38,blocked,
574,Training,0.0,1,0.48236644161581166,0.4806034841524644,0.15625,0.12443059406281198,0.47864517287731656,38,blocked,
575,Test,0.0,1,0.4246521475358929,0.40363691945891367,0.1875,0.1674622256558294,0.569468763106623,38,blocked,1.0
576,All,0.0,1,0.4812021922923609,0.4845598095900332,0.16,0.15418041758999773,0.5212379171958761,38,early,
577,Training,0.0,1,0.49225245430827314,0.49926417515704424,0.15625,0.1468954489110164,0.5186829483246769,38,early,
578,Test,0.0,1,0.4370011442287119,0.425742347321989,0.175,0.1833202923059229,0.5314577926806731,38,early,1.0
579,All,0.0,1,0.46535941883972565,0.4311438165972138,0.1825,0.17401174707355924,0.5082477303518373,38,middle,
580,Training,0.0,1,0.4739926765423403,0.4487031564492738,0.15625,0.15975345968713908,0.5040573040054148,38,middle,
581,Test,0.0,1,0.43082638802926726,0.36090645718897363,0.2875,0.23104489661923985,0.5250094357375273,38,middle,1.0
582,All,0.0,1,0.4463668729967292,0.4369782271779004,0.0925,0.11491081031909563,0.47349768323998076,38,late,
583,Training,0.0,1,0.4586581613097448,0.4509538531158593,0.09375,0.1115315016034053,0.47504937176587286,38,late,
584,Test,0.0,1,0.3972017197446671,0.38107572342606516,0.0875,0.12842804518185683,0.46729092913641246,38,late,1.0
585,All,0.0,1,0.4306115323728485,0.3890230592128624,0.225,0.1870052021133989,0.5162898855512605,39,interleaved,
586,Training,0.0,1,0.4374232106019058,0.4009483771823172,0.221875,0.1839353316001223,0.5180219769484873,39,interleaved,
587,Test,0.0,1,0.4033648194566193,0.3413217873350437,0.2375,0.19928468416650538,0.5093615199623531,39,interleaved,1.0
588,All,0.0,1,0.4573381077283848,0.48000951107872925,0.0325,0.07116707618544661,0.5132125035081141,39,blocked,
589,Training,0.0,1,0.4689203451871785,0.4945384819176373,0.025,0.05796082832216676,0.5036614344983276,39,blocked,
590,Test,0.0,1,0.41100915789321035,0.421893627723097,0.0625,0.12399206763856604,0.5514167795472598,39,blocked,1.0
591,All,0.0,1,0.4557022505153761,0.4367041470578386,0.16,0.14754804396870325,0.49193498090059806,39,early,
592,Training,0.0,1,0.4614175033499632,0.4495835238053747,0.14375,0.14026411835121058,0.48797711185451503,39,early,
593,Test,0.0,1,0.43284123917702755,0.385186640067694,0.225,0.17668374643867385,0.5077664570849302,39,early,1.0
594,All,0.0,1,0.44955791653227484,0.44150968784365496,0.1825,0.15540226753114797,0.5018809642635184,39,middle,
595,Training,0.0,1,0.46172187642274226,0.4575429471432855,0.165625,0.14552778131096183,0.5164163338949166,39,middle,
596,Test,0.0,1,0.40090207697040503,0.3773766506451329,0.25,0.19490021241189237,0.44373948573792504,39,middle,1.0
597,All,0.0,1,0.4307543989385568,0.43241959994208956,0.19,0.1535460705106029,0.5272082930073897,39,late,
598,Training,0.0,1,0.43543630222963203,0.4408642578861631,0.18125,0.1474197566104556,0.5199910081235475,39,late,
599,Test,0.0,1,0.41202678577425594,0.3986409681657956,0.225,0.17805132611119223,0.5560774325427584,39,late,1.0
600,All,0.0,1,0.5013780749917603,0.5084485565859828,0.0275,0.0679361097833651,0.5130784707842772,40,interleaved,
601,Training,0.0,1,0.5073202337811605,0.5151209678253863,0.034375,0.0705689552288626,0.5168636114186629,40,interleaved,
602,Test,0.0,1,0.47760943983415943,0.4817589116283683,0.0,0.05740472800137515,0.49793790824673445,40,interleaved,1.0
603,All,0.0,1,0.4509310835372677,0.45204772118890374,0.115,0.13164305948734373,0.4972651717218325,40,blocked,
604,Training,0.0,1,0.46190820181877507,0.4639966563285194,0.109375,0.1260195364408528,0.4829275494234744,40,blocked,
605,Test,0.0,1,0.40702261041123833,0.4042519806304409,0.1375,0.15413715167330763,0.5546156609152649,40,blocked,1.0
606,All,0.0,1,0.46784577815275963,0.4364093856023825,0.2525,0.19892595124118362,0.48862020981991633,40,early,
607,Training,0.0,1,0.4760950534615636,0.4472462798426323,0.2375,0.19296645208095944,0.48501450055658496,40,early,
608,Test,0.0,1,0.4348486769175438,0.39306180864138296,0.3125,0.22276394788208026,0.5030430468732419,40,early,1.0
609,All,0.0,1,0.45255013451573356,0.4329611098763097,0.215,0.1836455107287184,0.5452599059129918,40,middle,
610,Training,0.0,1,0.46360754520128494,0.44614550431496164,0.184375,0.17530352688169729,0.5464873754568085,40,middle,
611,Test,0.0,1,0.408320491773528,0.3802235321217017,0.3375,0.2170134461168029,0.5403500277377254,40,middle,1.0
612,All,0.0,1,0.47715321739163497,0.4986643141706415,0.0775,0.09232272049266493,0.501852661716746,40,late,
613,Training,0.0,1,0.4843575062125464,0.5062567188975379,0.071875,0.08773928089048763,0.4960198835058911,40,late,
614,Test,0.0,1,0.4483360621079892,0.46829469526305595,0.1,0.11065647890137406,0.5251837745601656,40,late,1.0
615,All,0.0,1,0.4886485602864829,0.4614009928210926,0.2425,0.19995707290755718,0.5380647249503595,41,interleaved,
616,Training,0.0,1,0.4995120365532202,0.47460384060778793,0.23125,0.18552479493206991,0.5409224149052342,41,interleaved,
617,Test,0.0,1,0.4451946552195338,0.4085896016743117,0.2875,0.257686184809506,0.526633965130861,41,interleaved,1.0
618,All,0.0,1,0.45100139989012905,0.4465441638136648,0.14,0.15663294678087256,0.5334925381838873,41,blocked,
619,Training,0.0,1,0.46140129341420844,0.45844651821043064,0.134375,0.15049059753144914,0.521659493210924,41,blocked,
620,Test,0.0,1,0.4094018257938117,0.3989347462266017,0.1625,0.18120234377856614,0.5808247180757407,41,blocked,1.0
621,All,0.0,1,0.443395837123649,0.4082547626516183,0.1825,0.16187866456770472,0.5225691787218633,41,early,
622,Training,0.0,1,0.4521452127338405,0.4221512172503973,0.175,0.15630484513527074,0.5206055329869661,41,early,
623,Test,0.0,1,0.40839833468288267,0.3526689442565026,0.2125,0.18417394229744047,0.5304237616614516,41,early,1.0
624,All,0.0,1,0.4288430254497876,0.4151914108413783,0.16,0.1507056920325482,0.49691144314352287,41,middle,
625,Training,0.0,1,0.4392826917545047,0.42920990976718426,0.128125,0.13685751056841308,0.48284551928307656,41,middle,
626,Test,0.0,1,0.38708436023091947,0.35911741513815487,0.2875,0.20609841788908864,0.5531751385853083,41,middle,1.0
627,All,0.0,1,0.46489667941892354,0.4348271412861078,0.2,0.18091068255739104,0.526467876273887,41,late,
628,Training,0.0,1,0.46781522143829507,0.4414004031144566,0.18125,0.16913527522561064,0.52627864851516,41,late,
629,Test,0.0,1,0.4532225113414377,0.4085340939727125,0.275,0.22801231188451254,0.5272247873087947,41,late,1.0
630,All,0.0,1,0.4703825164769779,0.4430188082545296,0.1625,0.15263705991834836,0.5149412516435112,42,interleaved,
631,Training,0.0,1,0.4771136080690539,0.45193646035987023,0.146875,0.14513974902329368,0.5171692467826293,42,interleaved,
632,Test,0.0,1,0.44345815010867384,0.4073481998331673,0.225,0.18262630349856707,0.5060292710870387,42,interleaved,1.0
633,All,0.0,1,0.47722884550222383,0.46791358227920227,0.175,0.14561146981433845,0.5273376014979233,42,blocked,
634,Training,0.0,1,0.48546100909350254,0.4808256874539656,0.15,0.128368797787992,0.5132337896419248,42,blocked,
635,Test,0.0,1,0.4443001911371089,0.41626516158014903,0.275,0.2145821579197241,0.5837528489219174,42,blocked,1.0
636,All,0.0,1,0.45847486809373866,0.46834817836977516,0.1325,0.13996171133296154,0.505904753805416,42,early,
637,Training,0.0,1,0.4646692712821205,0.4761515026708835,0.115625,0.12744148533193625,0.49577848457136897,42,early,
638,Test,0.0,1,0.4336972553402116,0.4371348811653415,0.2,0.19004261533706282,0.5464098307416042,42,early,1.0
639,All,0.0,1,0.5034595259721228,0.4996420272247484,0.245,0.19964272118649645,0.5238119149844058,42,middle,
640,Training,0.0,1,0.5150797174696994,0.5137151815167798,0.221875,0.18449850937529383,0.5248698221276923,42,middle,
641,Test,0.0,1,0.45697875998181714,0.4433494100566229,0.3375,0.260219568431307,0.5195802864112604,42,middle,1.0
642,All,0.0,1,0.4519626585632289,0.4229760987773707,0.2275,0.17935760929343467,0.5178745424759438,42,late,
643,Training,0.0,1,0.4600579131384791,0.4327795482891762,0.21875,0.1683753331073115,0.502968761081634,42,late,
644,Test,0.0,1,0.41958164026222844,0.38376230073014844,0.2625,0.2232867140379274,0.5774976680531827,42,late,1.0
645,All,0.0,1,0.4365435191117077,0.43058802430099286,0.1675,0.13571581825745171,0.52810445191618,43,interleaved,
646,Training,0.0,1,0.44110867638491563,0.4376510688046089,0.1625,0.12788027284883166,0.5160624756964796,43,interleaved,
647,Test,0.0,1,0.4182828900188757,0.40233584628652874,0.1875,0.16705799989193187,0.5762723567949821,43,interleaved,1.0
648,All,0.0,1,0.48968175096877464,0.46688588329839203,0.2275,0.17953251873447346,0.5570460356726927,43,blocked,
649,Training,0.0,1,0.4954422305153395,0.4729066554228199,0.2,0.16591255042672143,0.5442001053286162,43,blocked,
650,Test,0.0,1,0.4666398327825151,0.4428027948006809,0.3375,0.23401239196548168,0.608429757048999,43,blocked,1.0
651,All,0.0,1,0.47158391543336614,0.4683413071837292,0.225,0.19221762794579292,0.5583653917419377,43,early,
652,Training,0.0,1,0.47514604710061425,0.4764973971556451,0.221875,0.183827445303619,0.5488308711514447,43,early,
653,Test,0.0,1,0.4573353887643735,0.43571694729606525,0.2375,0.22577835851448863,0.5965034741039092,43,early,1.0
654,All,0.0,1,0.3901925353812336,0.3663554365867013,0.1625,0.16891464997159183,0.4934327587315642,43,middle,
655,Training,0.0,1,0.3958210726172791,0.37523963492314494,0.146875,0.16101955257156597,0.4932348800143499,43,middle,
656,Test,0.0,1,0.36767838643705164,0.33081864324092697,0.225,0.2004950395716952,0.4942242736004214,43,middle,1.0
657,All,0.0,1,0.48943827964532294,0.48399604225348086,0.1325,0.12699421076101644,0.5215085094859727,43,late,
658,Training,0.0,1,0.49655324281703217,0.4919096951999583,0.13125,0.12584983329868585,0.5129775286548938,43,late,
659,Test,0.0,1,0.4609784269584861,0.45234143046757147,0.1375,0.1315717206103389,0.555632432810288,43,late,1.0
660,All,0.0,1,0.4682820203358061,0.44821730411563976,0.19,0.1455828211079374,0.5355799056697159,44,interleaved,
661,Training,0.0,1,0.47492870696292094,0.45656212422222026,0.19375,0.13990095560930277,0.538768787290425,44,interleaved,
662,Test,0.0,1,0.4416952738273468,0.41483802368931766,0.175,0.1683102831024759,0.5228243791868794,44,interleaved,1.0
663,All,0.0,1,0.4946376114670866,0.4812691096006017,0.2225,0.19881870897040826,0.540352439594751,44,blocked,
664,Training,0.0,1,0.49909562875468877,0.4913042717627206,0.209375,0.18807036542981084,0.5393776770680002,44,blocked,
665,Test,0.0,1,0.476805542316678,0.44112846095212604,0.275,0.2418120831327979,0.5442514897017547,44,blocked,1.0
666,All,0.0,1,0.4470409660381395,0.4704016620798152,0.125,0.11226621213186767,0.5395559461303356,44,early,
667,Training,0.0,1,0.4524006877324336,0.47748925833697553,0.1125,0.10197097203544989,0.5608215904568967,44,early,
668,Test,0.0,1,0.4256020792609631,0.44205127705117364,0.175,0.15344717251753887,0.45449336882409164,44,early,1.0
669,All,0.0,1,0.5279848075019656,0.50404725982281,0.1875,0.1574002352817045,0.4947537943637225,44,middle,
670,Training,0.0,1,0.5419418435202741,0.5154100428832147,0.175,0.14790162419308855,0.4731212306009797,44,middle,
671,Test,0.0,1,0.47215666342873197,0.4585961275811911,0.2375,0.19539467963616816,0.5812840494146935,44,middle,1.0
672,All,0.0,1,0.43838992093294427,0.42448167470699305,0.085,0.1092356270970139,0.5206969972502388,44,late,
673,Training,0.0,1,0.44635401018764653,0.432358798198778,0.09375,0.10888670695951355,0.51967026656952,44,late,
674,Test,0.0,1,0.40653356391413537,0.39297318073985343,0.05,0.11063130764701523,0.524803919973114,44,late,1.0
675,All,0.0,1,0.48883606220031217,0.4891764526301553,0.165,0.1436658824509386,0.49848121297764286,45,interleaved,
676,Training,0.0,1,0.4993896699388403,0.5014934945631323,0.1625,0.14300314666272795,0.49257132275548055,45,interleaved,
677,Test,0.0,1,0.4466216312461999,0.4399082848982476,0.175,0.14631682560378118,0.5221207738662923,45,interleaved,1.0
678,All,0.0,1,0.4911659454657955,0.452453889170475,0.2175,0.18750635401111104,0.5299594035558673,45,blocked,
679,Training,0.0,1,0.4966533151873648,0.46131756046082295,0.225,0.18369993935388018,0.5427155402676085,45,blocked,
680,Test,0.0,1,0.46921646657951827,0.4169992040090831,0.1875,0.20273201264003454,0.47893485670890296,45,blocked,1.0
681,All,0.0,1,0.4571391074940393,0.45734039748225797,0.18,0.15001325320200773,0.49574210729686924,45,early,
682,Training,0.0,1,0.4701804549751124,0.4720615567707931,0.16875,0.1364743851653011,0.4901608421745248,45,early,
683,Test,0.0,1,0.4049737175697473,0.39845576032811736,0.225,0.2041687253488343,0.5180671677862467,45,early,1.0
684,All,0.0,1,0.45849086199387806,0.445058597416051,0.2575,0.1866828569984548,0.5083145631171607,45,middle,
685,Training,0.0,1,0.46750173305254633,0.45464767984621285,0.234375,0.17280262985224748,0.4867710393920152,45,middle,
686,Test,0.0,1,0.42244737775920527,0.40670226769540374,0.35,0.2422037655832842,0.5944886580177424,45,middle,1.0
687,All,0.0,1,0.4652439591525312,0.45252441891818534,0.2325,0.17775958630565644,0.49925340062543405,45,late,
688,Training,0.0,1,0.472245135516283,0.46032316723431804,0.215625,0.165176999120841,0.49598294271801285,45,late,
689,Test,0.0,1,0.43723925369752403,0.42132942565365444,0.3,0.22808993504491837,0.512335232255119,45,late,1.0
690,All,0.0,1,0.5093651714088228,0.49910989007300366,0.11,0.12189005639645996,0.5261656082785532,46,interleaved,
691,Training,0.0,1,0.5192593360779612,0.5094642015549049,0.09375,0.10964061763728697,0.5115139933355819,46,interleaved,
692,Test,0.0,1,0.4697885127322695,0.4576926441453987,0.175,0.17088781143315196,0.5847720680504389,46,interleaved,1.0
693,All,0.0,1,0.4811966221344186,0.4582977377750801,0.185,0.16573616788391696,0.5051202252000421,46,blocked,
694,Training,0.0,1,0.49043121710325527,0.4723922895612024,0.159375,0.15277260596960343,0.5048531746646201,46,blocked,
695,Test,0.0,1,0.4442582422590716,0.4019195306305908,0.2875,0.21759041554117112,0.5061884273417296,46,blocked,1.0
696,All,0.0,1,0.46971002993123817,0.42719466932021105,0.205,0.1642667849687389,0.5295952091186575,46,early,
697,Training,0.0,1,0.4771780834910528,0.43454149802533043,0.2,0.15590255126304964,0.5271949200170774,46,early,
698,Test,0.0,1,0.4398378156919799,0.3978073544997338,0.225,0.19772371979149592,0.5391963655249785,46,early,1.0
699,All,0.0,1,0.45401034287940323,0.48221642904323736,0.135,0.09706886841697622,0.4953401125948387,46,middle,
700,Training,0.0,1,0.465540194074595,0.49644172321516356,0.11875,0.08355179724870831,0.48822209474762757,46,middle,
701,Test,0.0,1,0.4078909380986363,0.425315252355532,0.2,0.1511371530900479,0.5238121839836835,46,middle,1.0
702,All,0.0,1,0.4373542245112061,0.43898618592552113,0.1175,0.12536417776697056,0.49624605084354245,46,late,
703,Training,0.0,1,0.4476699328580152,0.45127482291885423,0.1125,0.12192205063450387,0.4852185825840179,46,late,
704,Test,0.0,1,0.39609139112396996,0.38983163795218856,0.1375,0.13913268629683723,0.5403559238816406,46,late,1.0
705,All,0.0,1,0.4922789274464881,0.47310694176698326,0.1,0.11045206551772932,0.518338693198755,47,interleaved,
706,Training,0.0,1,0.4995651306385426,0.481632418703634,0.0875,0.10192677700103252,0.5020982769514839,47,interleaved,
707,Test,0.0,1,0.4631341146782699,0.43900503402038,0.15,0.1445532195845165,0.5833003581878397,47,interleaved,1.0
708,All,0.0,1,0.46450331248139737,0.4608027375869061,0.2075,0.15158875391374732,0.5659893479946502,47,blocked,
709,Training,0.0,1,0.47143482830496447,0.4674017757261442,0.203125,0.1516653816177202,0.5824054516339023,47,blocked,
710,Test,0.0,1,0.43677724918712896,0.4344065850299536,0.225,0.15128224309785576,0.5003249334376407,47,blocked,1.0
711,All,0.0,1,0.43945274840866566,0.4351996250615598,0.14,0.13711883672151376,0.49084369316496096,47,early,
712,Training,0.0,1,0.4477083588684089,0.4496087857355778,0.128125,0.12411800275713103,0.49380754795266685,47,early,
713,Test,0.0,1,0.40643030656969314,0.37756298236548774,0.1875,0.18912217257904457,0.47898827401413746,47,early,1.0
714,All,0.0,1,0.47159235441670555,0.5025042107690727,0.03,0.0652201994609874,0.49169309532959476,47,middle,
715,Training,0.0,1,0.4767705915461221,0.5117334735887408,0.034375,0.06579903727816586,0.49427315877600375,47,middle,
716,Test,0.0,1,0.45087940589903935,0.46558715949040036,0.0125,0.06290484819227361,0.481372841543959,47,middle,1.0
717,All,0.0,1,0.4875431790305624,0.4704032783423138,0.1925,0.1474806137947975,0.5455054843361434,47,late,
718,Training,0.0,1,0.49702901279318373,0.4830664397742102,0.1875,0.14077523723635071,0.5408619503978908,47,late,
719,Test,0.0,1,0.4495998439800768,0.41975063261472856,0.2125,0.17430212002858472,0.5640796200891542,47,late,1.0
720,All,0.0,1,0.47950401223889244,0.46297550613147137,0.205,0.1772409547523462,0.5078703523505628,48,interleaved,
721,Training,0.0,1,0.4890890399351167,0.4758920138139226,0.171875,0.15794273887179316,0.5129515645071773,48,interleaved,
722,Test,0.0,1,0.4411639014539952,0.4113094754016668,0.3375,0.25443381827455835,0.4875455037241048,48,interleaved,1.0
723,All,0.0,1,0.469206300822178,0.44339137010290075,0.21,0.1879016776978574,0.5060503226832299,48,blocked,
724,Training,0.0,1,0.4794986877153646,0.45275919686747546,0.21875,0.18961057363426842,0.5153585042727318,48,blocked,
725,Test,0.0,1,0.428036753249432,0.4059200630446019,0.175,0.1810660939522133,0.46881759632522185,48,blocked,1.0
726,All,0.0,1,0.4645956539142385,0.4821544624847298,0.105,0.10152425002626839,0.5147827131000449,48,early,
727,Training,0.0,1,0.47123156418832596,0.4899331954709953,0.071875,0.090499796246773,0.5049666733870424,48,early,
728,Test,0.0,1,0.4380520128178891,0.4510395305396678,0.2375,0.14562206514424997,0.5540468719520548,48,early,1.0
729,All,0.0,1,0.5078652739799003,0.48992543743198874,0.04,0.07679643180006997,0.4751921991223009,48,middle,
730,Training,0.0,1,0.5154897335487305,0.498943752766588,0.034375,0.07023447452236417,0.47148691692255096,48,middle,
731,Test,0.0,1,0.47736743570457985,0.45385217609359163,0.0625,0.10304426091089317,0.4900133279213005,48,middle,1.0
732,All,0.0,1,0.4465903468263738,0.45207391678288433,0.085,0.10302163463919578,0.4948063028939651,48,late,
733,Training,0.0,1,0.4518190876263972,0.46077229546465037,0.06875,0.09583786664461613,0.5079259939792327,48,late,
734,Test,0.0,1,0.4256753836262799,0.41728040205581973,0.15,0.1317567066175144,0.4423275385528947,48,late,1.0
735,All,0.0,1,0.47138558588527457,0.46940379162213275,0.105,0.11257996865111282,0.49278342303962686,49,interleaved,
736,Training,0.0,1,0.48004110293095736,0.479317125928968,0.08125,0.09975915400223473,0.49156674295272323,49,interleaved,
737,Test,0.0,1,0.43676351770254357,0.4297504543947917,0.2,0.16386322724662528,0.49765014338724106,49,interleaved,1.0
738,All,0.0,1,0.45445692616579586,0.45382906417586777,0.2075,0.16247656470853009,0.5012343030817367,49,blocked,
739,Training,0.0,1,0.4615232830308196,0.46001712353646196,0.153125,0.14317229059231756,0.4890690707407693,49,blocked,
740,Test,0.0,1,0.426191498705701,0.42907682673349107,0.425,0.23969366117338034,0.5498952324456061,49,blocked,1.0
741,All,0.0,1,0.46676075968718306,0.4646352867252654,0.14,0.12744752753353222,0.53144896935286,49,early,
742,Training,0.0,1,0.4744684380590993,0.4743051334552405,0.125,0.12462823439016235,0.5364218708823058,49,early,
743,Test,0.0,1,0.4359300461995179,0.4259558998053647,0.2,0.1387247001070117,0.5115573632350774,49,early,1.0
744,All,0.0,1,0.45972514729995645,0.49589357280582064,0.0575,0.0819531901227909,0.5185642022946387,49,middle,
745,Training,0.0,1,0.46847359898964946,0.5058131434110298,0.04375,0.06918940220486629,0.5148008249470879,49,middle,
746,Test,0.0,1,0.42473134054118433,0.4562152903849842,0.1125,0.13300834179448925,0.5336177116848427,49,middle,1.0
747,All,0.0,1,0.4739769726926714,0.48972455795195413,0.075,0.0939464428915049,0.511116578527681,49,late,
748,Training,0.0,1,0.4784416869980284,0.4953622730928632,0.0625,0.0882291945504787,0.5065975640602973,49,late,
749,Test,0.0,1,0.45611811547124376,0.46717369738831793,0.125,0.11681543625560971,0.5291926363972153,49,late,1.0
