,t,e_hat,Accuracy,pe,batch,Condition
0,0,0,0.5475163080433441,0.7461926593518925,0,interleaved
1,1,0,0.7267764090171627,0.8715179762793674,0,interleaved
2,2,0,0.6180701213595386,0.49090801548691476,0,interleaved
3,3,0,0.5726247572307237,0.7440662060396949,0,interleaved
4,4,0,0.4275923273421295,0.6156970817516951,0,interleaved
5,5,0,0.863969405130566,0.8570969116960869,0,interleaved
6,6,0,0.3618942149479089,0.6299742168731401,0,interleaved
7,7,0,0.8506649853029133,0.49000226741733255,0,interleaved
8,8,0,0.5499551749262968,0.6418487141912783,0,interleaved
9,9,0,0.9030267631540927,0.5866222936949954,0,interleaved
10,10,0,0.19629524865530357,0.6912544239070253,0,interleaved
11,11,0,0.8989586515365506,0.6785480561732726,0,interleaved
12,12,0,0.13139488662920829,0.7675367726295887,0,interleaved
13,13,0,0.9650700651635493,0.8133280424682164,0,interleaved
14,14,0,0.5866327497084491,0.5282144685946797,0,interleaved
15,15,0,0.9066523364575423,0.579469252402972,0,interleaved
16,16,0,0.495917603215241,0.738035142089998,0,interleaved
17,17,0,0.8203099050840799,0.7864119161152922,0,interleaved
18,18,0,0.31276312997147854,0.6485536374794503,0,interleaved
19,19,0,0.9601420647759572,0.707854992881517,0,interleaved
20,20,0,0.7282941223052131,0.4110653527637457,0,interleaved
21,21,0,0.9619238518159512,0.5155915457616558,0,interleaved
22,22,0,0.4388464183347627,0.662129425313545,0,interleaved
23,23,0,0.9027505222159038,0.6149143177799786,0,interleaved
24,24,0,0.5576118490975474,0.6922827181399949,0,interleaved
25,25,0,0.5453990706311285,0.542679732782024,0,interleaved
26,26,0,0.46521373622817525,0.5622755249137606,0,interleaved
27,27,0,0.26341018395628246,0.5836075586937681,0,interleaved
28,28,0,0.5019602071318837,0.6066370384376288,0,interleaved
29,29,0,0.4187393200991199,0.4774103480988954,0,interleaved
30,30,0,0.49916994389596375,0.5844778970602236,0,interleaved
31,31,0,0.0696195373814012,0.580682112717827,0,interleaved
32,32,0,0.46401620013121664,0.6030817647255968,0,interleaved
33,33,0,0.05988883952104325,0.628472496465821,0,interleaved
34,34,0,0.5989344115771104,0.6643038343205718,0,interleaved
35,35,0,0.9552389078377601,0.4746247361416735,0,interleaved
36,36,0,0.30901632314758637,0.6217000260435569,0,interleaved
37,37,0,0.8864610025653172,0.4987718036194631,0,interleaved
38,38,0,0.48381768808260506,0.5714817158313918,0,interleaved
39,39,0,0.1323777862157955,0.5421800333698008,0,interleaved
40,40,0,0.448134307001773,0.6025958077299105,0,interleaved
41,41,0,0.3682586737385511,0.9052907109652404,0,interleaved
42,42,0,0.4132061177976032,0.5353494190054915,0,interleaved
43,43,0,0.9230787934464331,0.49672898985308334,0,interleaved
44,44,0,0.5446758134285414,0.46850580986355395,0,interleaved
45,45,0,0.1903259119818816,0.44463985983803544,0,interleaved
46,46,0,0.4186330256431902,0.6812536979101902,0,interleaved
47,47,0,0.6042599726994055,0.5259723824903797,0,interleaved
48,48,0,0.5467965168843776,0.512499099019899,0,interleaved
49,49,0,0.9542258899659921,0.37583345921315586,0,interleaved
50,50,0,0.35396410352703744,0.4729877527748084,0,interleaved
51,51,0,0.1415980375270999,0.5783159928259294,0,interleaved
52,52,0,0.39114307693812006,0.5323301642149398,0,interleaved
53,53,0,0.969578326087488,0.5269083649650458,0,interleaved
54,54,0,0.46778427978346504,0.5937537278568883,0,interleaved
55,55,0,0.05406149132182648,0.6433851045452987,0,interleaved
56,56,0,0.44343580495057816,0.6336218272356172,0,interleaved
57,57,0,0.09616420944629006,0.4757064814217338,0,interleaved
58,58,0,0.5076133949772734,0.5327514469626262,0,interleaved
59,59,0,0.8699598861023501,0.45999647517115694,0,interleaved
60,60,0,0.40298454678876044,0.6171433161377163,0,interleaved
61,61,0,0.10659102455526198,0.6202762706062789,0,interleaved
62,62,0,0.5540321576200148,0.6674416867289892,0,interleaved
63,63,0,0.9386998772099846,0.41825574611389554,0,interleaved
64,64,0,0.42883082630850083,0.49579137316953303,0,interleaved
65,65,0,0.9307554543755419,0.3630998191471291,0,interleaved
66,66,0,0.5273717526484276,0.5063625579532203,0,interleaved
67,67,0,0.0675296712253,0.5182311992786784,0,interleaved
68,68,0,0.33510752731862636,0.5144954724634633,0,interleaved
69,69,0,0.9300618228601785,0.4611025295217661,0,interleaved
70,70,0,0.5143139628902451,0.42965684151927125,0,interleaved
71,71,0,0.9373485232335831,0.4906062634983276,0,interleaved
72,72,0,0.4478291747759941,0.4626102570199341,0,interleaved
73,73,0,0.8925215240721555,0.3506158341420047,0,interleaved
74,74,0,0.5849912327848735,0.4594637763498732,0,interleaved
75,75,0,0.06994989170598637,0.45921084013687674,0,interleaved
76,76,0,0.4038545985534898,0.6762665123707003,0,interleaved
77,77,0,0.12733206051905943,0.6264292112209833,0,interleaved
78,78,0,0.4249817902259271,0.6411121757203075,0,interleaved
79,79,0,0.5086532433110841,0.5352254766697464,0,interleaved
80,80,0,0.34107775248510375,0.6060165595521187,0,interleaved
81,81,0,0.8638906185301792,0.34657528589964814,0,interleaved
82,82,0,0.3647565434609425,0.37412239755418025,0,interleaved
83,83,0,0.8709702427015207,0.39740595818832525,0,interleaved
84,84,0,0.6034432846458224,0.5087798859710169,0,interleaved
85,85,0,0.5655441409352702,0.6809120830147402,0,interleaved
86,86,0,0.5311535477474209,0.5052052033064084,0,interleaved
87,87,0,0.6902188298286649,0.4738676920340471,0,interleaved
88,88,0,0.5544677407013833,0.5226823975634025,0,interleaved
89,89,0,0.9050378905844827,0.4157544003353344,0,interleaved
90,90,0,0.2546327656476025,0.45609922941253067,0,interleaved
91,91,0,0.909773951082003,0.449672791956809,0,interleaved
92,92,0,0.5969135580286347,0.5687130191191669,0,interleaved
93,93,0,0.4101915333000547,0.44384375766542905,0,interleaved
94,94,0,0.4424074528583635,0.43308022063678586,0,interleaved
95,95,0,0.11558456210561734,0.4002236973721494,0,interleaved
96,96,0,0.351449371494183,0.5314072323891197,0,interleaved
97,97,0,0.8141786422013979,0.38886186588532223,0,interleaved
98,98,0,0.4970954864227302,0.5289401288611,0,interleaved
99,99,0,0.9424277412964026,0.44550373079110084,0,interleaved
100,100,0,0.48301368306215475,0.6228230723711792,0,interleaved
101,101,0,0.17586021919925893,0.4204018415839005,0,interleaved
102,102,0,0.5867705906080056,0.548614417923785,0,interleaved
103,103,0,0.8794887887255434,0.39236781116221575,0,interleaved
104,104,0,0.2996303320742072,0.39597809439615345,0,interleaved
105,105,0,0.8896294436388121,0.4517873839880907,0,interleaved
106,106,0,0.2783674101644213,0.5847581712928671,0,interleaved
107,107,0,0.25647399500562595,0.4921172181792658,0,interleaved
108,108,0,0.28244546706032647,0.6161034045294682,0,interleaved
109,109,0,0.885496575076661,0.441818656888218,0,interleaved
110,110,0,0.29491533294845074,0.32760154519176915,0,interleaved
111,111,0,0.36583230435707004,0.40329700003476243,0,interleaved
112,112,0,0.4954025314085847,0.37620279894570696,0,interleaved
113,113,0,0.3909025105670181,0.6265279835679426,0,interleaved
114,114,0,0.5243980953614645,0.4621771709089413,0,interleaved
115,115,0,0.1384547958437354,0.6304957714314048,0,interleaved
116,116,0,0.4222713770296498,0.3871796422026418,0,interleaved
117,117,0,0.5297847901765047,0.36790582465511895,0,interleaved
118,118,0,0.4844062494212126,0.4468128979164305,0,interleaved
119,119,0,0.4317396005089822,0.42437138272622965,0,interleaved
120,120,0,0.3604701761080946,0.42238525207839117,0,interleaved
121,121,0,0.8287864117531125,0.49134050673689467,0,interleaved
122,122,0,0.4384664886119058,0.37839895121333467,0,interleaved
123,123,0,0.10065039310493633,0.6283080219710742,0,interleaved
124,124,0,0.5641443755423128,0.4117493230781996,0,interleaved
125,125,0,0.16487478739898656,0.5318113203850694,0,interleaved
126,126,0,0.5470157095871386,0.43037393854687245,0,interleaved
127,127,0,0.1753483981870014,0.4891412766125907,0,interleaved
128,128,0,0.3707760920720963,0.5989961564713195,0,interleaved
129,129,0,0.8101514311205118,0.48545495825415097,0,interleaved
130,130,0,0.4513324378717068,0.48124837424137945,0,interleaved
131,131,0,0.3347643014772468,0.47572083582114416,0,interleaved
132,132,0,0.4604226856310304,0.4644589401707174,0,interleaved
133,133,0,0.24475018397138726,0.3565986557937997,0,interleaved
134,134,0,0.4793563142589218,0.4861708705153849,0,interleaved
135,135,0,0.32281629526319716,0.5873629592009368,0,interleaved
136,136,0,0.6275045295724406,0.4979842773987746,0,interleaved
137,137,0,0.7840606063336997,0.4098104628860103,0,interleaved
138,138,0,0.47908577801783825,0.38892999742259504,0,interleaved
139,139,0,0.9434167460520743,0.41752647495358375,0,interleaved
140,140,0,0.254812838627251,0.43959457146562175,0,interleaved
141,141,0,0.8211864657519907,0.3332504461565041,0,interleaved
142,142,0,0.3784067712549278,0.3991041017458621,0,interleaved
143,143,0,0.8961393850943202,0.3460344653815888,0,interleaved
144,144,0,0.5757993541973099,0.4199219528191108,0,interleaved
145,145,0,0.9157104972029608,0.4931654244375562,0,interleaved
146,146,0,0.11429372319425889,0.5727430450355308,0,interleaved
147,147,0,0.22054505257961388,0.36722573303794603,0,interleaved
148,148,0,0.4930244093728612,0.479264340450021,0,interleaved
149,149,0,0.9044760136786443,0.5464626269175239,0,interleaved
150,150,0,0.6199222919590259,0.5262600857766593,0,interleaved
151,151,0,0.3507879715694483,0.5222399987906301,0,interleaved
152,152,0,0.5137870475509992,0.47128507693793575,0,interleaved
153,153,0,0.892165651377417,0.4663151203417377,0,interleaved
154,154,0,0.5583051007978737,0.3714001502084451,0,interleaved
155,155,0,0.8773054958402464,0.5791668096175951,0,interleaved
156,156,0,0.28879719484493027,0.5270474642038403,0,interleaved
157,157,0,0.8713288832802595,0.4342095599102582,0,interleaved
158,158,0,0.4725112976045694,0.45691231876817784,0,interleaved
159,159,0,0.17415861318978088,0.6423153384412861,0,interleaved
160,160,0,0.41634146099911123,0.3909241017492099,0,interleaved
161,161,0,0.3555432327437871,0.4824286305001312,0,interleaved
162,162,0,0.6042564078399406,0.4593591695675099,0,interleaved
163,163,0,0.48113604810212474,0.5485219943789292,0,interleaved
164,164,0,0.32416285660619737,0.4467197182902196,0,interleaved
165,165,0,0.7949623435059839,0.5882742736807021,0,interleaved
166,166,0,0.46282573618319245,0.4101665808623085,0,interleaved
167,167,0,0.35333051922877157,0.3077237766502331,0,interleaved
168,168,0,0.7272039853153367,0.4354254596826036,0,interleaved
169,169,0,0.7095002210780313,0.43419613526745343,0,interleaved
170,170,0,0.94016997359083,0.4654886125442411,0,interleaved
171,171,0,0.5117505984648678,0.6181644333980657,0,interleaved
172,172,0,0.5841297713041591,0.3383333401950658,0,interleaved
173,173,0,0.4671535549069904,0.3978697110483911,0,interleaved
174,174,0,0.6763800120531591,0.46057268883232105,0,interleaved
175,175,0,0.32487582409915094,0.4976193738793613,0,interleaved
176,176,0,0.5925797439850367,0.4673394274849909,0,interleaved
177,177,0,0.8841246961411631,0.4171317272870335,0,interleaved
178,178,0,0.5988347617464911,0.4401328816804451,0,interleaved
179,179,0,0.7337011851462503,0.3353769291719203,0,interleaved
180,180,0,0.8804953593131966,0.38892579750933054,0,interleaved
181,181,0,0.548675011109187,0.4364513837890863,0,interleaved
182,182,0,0.48658930276697254,0.5736531040398625,0,interleaved
183,183,0,0.1309474782004668,0.3439305136901727,0,interleaved
184,184,0,0.3815209587191743,0.42632204111104777,0,interleaved
185,185,0,0.22616260931262916,0.4413820004538461,0,interleaved
186,186,0,0.5191814584288075,0.5835423334008902,0,interleaved
187,187,0,0.4708381833847582,0.37283976399797847,0,interleaved
188,188,0,0.08633800342984543,0.3894798671787819,0,interleaved
189,189,0,0.35062193568983474,0.5328184441521878,0,interleaved
190,190,0,0.2773863594591694,0.4462823550903686,0,interleaved
191,191,0,0.7890330245103725,0.4650927910166353,0,interleaved
192,192,0,0.4220953278974632,0.35326383443784626,0,interleaved
193,193,0,0.40784202014977966,0.30913058781151953,0,interleaved
194,194,0,0.8710260928544991,0.47281286336736505,0,interleaved
195,195,0,0.567197794128494,0.41179125373158654,0,interleaved
196,196,0,0.33249774438403873,0.5248701379773587,0,interleaved
197,197,0,0.8942472656911807,0.4046361112617345,0,interleaved
198,198,0,0.6512810965335329,0.36164791510353755,0,interleaved
199,199,0,0.26547373848737005,0.6524662435357218,0,interleaved
200,0,0,0.496762881655924,0.573987029149231,0,blocked
201,1,0,0.49531001875085656,0.9144134621718323,0,blocked
202,2,0,0.5007250765770082,0.7077257849919988,0,blocked
203,3,0,0.4924712529097591,0.625503542680125,0,blocked
204,4,0,0.49910839823154385,0.9265750452453619,0,blocked
205,5,0,0.5015807473403013,0.8343977190459723,0,blocked
206,6,0,0.5031649598560698,0.6669894859267083,0,blocked
207,7,0,0.5079793284905808,0.6300646390805071,0,blocked
208,8,0,0.49800412303284464,0.7113393463652777,0,blocked
209,9,0,0.5026544641468232,0.6885580845185628,0,blocked
210,10,0,0.4916020936546991,0.5938483243663923,0,blocked
211,11,0,0.5163205046640051,0.7537507429961845,0,blocked
212,12,0,0.5021868783602194,0.4970360329556178,0,blocked
213,13,0,0.5064243712837231,0.661649421017156,0,blocked
214,14,0,0.5017525136539982,0.547569995630601,0,blocked
215,15,0,0.4873615059217954,0.5980472328636277,0,blocked
216,16,0,0.5096112850284387,0.5718103520461338,0,blocked
217,17,0,0.5026064851273266,0.5319342692274229,0,blocked
218,18,0,0.49018022859951155,0.5848570525996077,0,blocked
219,19,0,0.4743651177614826,0.5449828263531143,0,blocked
220,20,0,0.491792139734121,0.649583977275404,0,blocked
221,21,0,0.5112550817122105,0.4299723665172177,0,blocked
222,22,0,0.5310432378692844,0.5444056963401721,0,blocked
223,23,0,0.49262106535367634,0.4908284475394555,0,blocked
224,24,0,0.4985850030309547,0.5636223457619257,0,blocked
225,25,0,0.4918498312541736,0.3970321515958558,0,blocked
226,26,0,0.48386239918125484,0.7695022535772185,0,blocked
227,27,0,0.522057849852476,0.4834114644196854,0,blocked
228,28,0,0.467438111214528,0.5458761335024527,0,blocked
229,29,0,0.4906210158944833,0.5438013954621629,0,blocked
230,30,0,0.5006463101142276,0.5526875406937671,0,blocked
231,31,0,0.4876276294620015,0.6171967289920719,0,blocked
232,32,0,0.5112853428351092,0.4222277125236146,0,blocked
233,33,0,0.5055022226313665,0.5504241763054258,0,blocked
234,34,0,0.5036127984744931,0.44093945092932196,0,blocked
235,35,0,0.5054991516043487,0.4628262998504502,0,blocked
236,36,0,0.49397731488033847,0.523958075979164,0,blocked
237,37,0,0.49820442828960027,0.6881307666482418,0,blocked
238,38,0,0.5045074241449828,0.46162238919250076,0,blocked
239,39,0,0.4993714033305678,0.5209770111375134,0,blocked
240,40,0,0.9937224938650617,0.3989285750688665,0,blocked
241,41,0,0.017676991078755536,0.7334621013286711,0,blocked
242,42,0,0.7549790831093328,0.48089148035913987,0,blocked
243,43,0,0.05825500527606857,0.5184096798972353,0,blocked
244,44,0,0.950217824975057,0.3680624235196163,0,blocked
245,45,0,0.04867405700797531,0.5878235994886847,0,blocked
246,46,0,0.974049492051676,0.3646991880393401,0,blocked
247,47,0,0.04624428427606618,0.5381710292162256,0,blocked
248,48,0,0.05537180926733557,0.5579265457693324,0,blocked
249,49,0,0.9192499641735015,0.41509852352058074,0,blocked
250,50,0,0.8801514619849105,0.4949616990664689,0,blocked
251,51,0,0.9461968425456457,0.39076538470284006,0,blocked
252,52,0,0.17611636188111046,0.5554648093256528,0,blocked
253,53,0,0.07479840153526605,0.5484721475278347,0,blocked
254,54,0,0.21838397728416373,0.538043188827912,0,blocked
255,55,0,0.9772805964786644,0.3249616734908226,0,blocked
256,56,0,0.8980770996315333,0.478774484582411,0,blocked
257,57,0,0.9087576481743375,0.3194333586035855,0,blocked
258,58,0,0.42752774505351826,0.5615789319859287,0,blocked
259,59,0,0.7444091664607042,0.4656005417592478,0,blocked
260,60,0,0.25605155717435485,0.48832605676108765,0,blocked
261,61,0,0.0976030909177188,0.651554666027085,0,blocked
262,62,0,0.8802119833196335,0.4690752543349439,0,blocked
263,63,0,0.5773062812929166,0.5408131279751398,0,blocked
264,64,0,0.6425736743793841,0.48468216908652906,0,blocked
265,65,0,0.9841228851982309,0.364026448853945,0,blocked
266,66,0,0.8542759181349178,0.34555155878199373,0,blocked
267,67,0,0.7692868075969959,0.4325300923529344,0,blocked
268,68,0,0.022764769293384866,0.5220504033618786,0,blocked
269,69,0,0.11068882296521818,0.527402614776215,0,blocked
270,70,0,0.019189334526428438,0.5723218716404632,0,blocked
271,71,0,0.6282454553231408,0.4097024396728824,0,blocked
272,72,0,0.7518008797299157,0.4442596454383403,0,blocked
273,73,0,0.7560875111544215,0.3731107841170809,0,blocked
274,74,0,0.11679864616599496,0.3676450529473647,0,blocked
275,75,0,0.8012824461404758,0.413449115244087,0,blocked
276,76,0,0.7301901950078449,0.5624234380597141,0,blocked
277,77,0,0.741087341261568,0.3783254157526106,0,blocked
278,78,0,0.04366139051120666,0.46861001604697694,0,blocked
279,79,0,0.8507079622709584,0.48427128753972715,0,blocked
280,80,0,0.4447031896105075,0.6151856161081012,0,blocked
281,81,0,0.5798468611776395,0.45799773701745305,0,blocked
282,82,0,0.5269430813053917,0.43482590986667435,0,blocked
283,83,0,0.6135625634671356,0.5263335517897214,0,blocked
284,84,0,0.485717520566216,0.4747951746158126,0,blocked
285,85,0,0.6665808501562861,0.4055993559607389,0,blocked
286,86,0,0.5500722835695806,0.43202951755155306,0,blocked
287,87,0,0.6237417142503675,0.3820285012855611,0,blocked
288,88,0,0.41682582462457224,0.5899055401236791,0,blocked
289,89,0,0.5605940297098335,0.4307916092499952,0,blocked
290,90,0,0.5183028140785672,0.3596787072207265,0,blocked
291,91,0,0.8324906944665906,0.5051751707577771,0,blocked
292,92,0,0.4712586849954105,0.5785912107165476,0,blocked
293,93,0,0.6759344646530673,0.41003582270412015,0,blocked
294,94,0,0.7319706805233642,0.46357045057303325,0,blocked
295,95,0,0.47039544331996075,0.4125133047022856,0,blocked
296,96,0,0.7390816440492158,0.42883214279495807,0,blocked
297,97,0,0.6430626140190068,0.47113249127344903,0,blocked
298,98,0,0.6774028146496429,0.4281404124156031,0,blocked
299,99,0,0.2982462106421334,0.44164388867736715,0,blocked
300,100,0,0.2720586352778795,0.6137030327069688,0,blocked
301,101,0,0.4762682021612675,0.36737499733379086,0,blocked
302,102,0,0.4268736912159502,0.42083482975593867,0,blocked
303,103,0,0.6333796460684328,0.4516014720714835,0,blocked
304,104,0,0.4870824308440971,0.4255167866312679,0,blocked
305,105,0,0.47153901618517086,0.4766554533594066,0,blocked
306,106,0,0.4003933000847628,0.39443113736471735,0,blocked
307,107,0,0.5991133225684332,0.3924012825374582,0,blocked
308,108,0,0.4374430464227828,0.5016775544073308,0,blocked
309,109,0,0.37045193078772604,0.37683568848218896,0,blocked
310,110,0,0.5934589199319487,0.4189712312556613,0,blocked
311,111,0,0.5089792841004792,0.48663322058500336,0,blocked
312,112,0,0.6520736365868918,0.4245810803358453,0,blocked
313,113,0,0.32463754650239984,0.38409149249672375,0,blocked
314,114,0,0.6961042591791489,0.37924169089430565,0,blocked
315,115,0,0.6549443472158947,0.4030610815480974,0,blocked
316,116,0,0.4806599827591427,0.46100769353239296,0,blocked
317,117,0,0.5161891117837216,0.3798742116596074,0,blocked
318,118,0,0.25790217307816266,0.5216172592179089,0,blocked
319,119,0,0.5897441318863598,0.3708462470429348,0,blocked
320,120,0,0.3598938589757424,0.5012784851150238,0,blocked
321,121,0,0.2019495567614398,0.5106255053815116,0,blocked
322,122,0,0.7966762083129836,0.5035406848767721,0,blocked
323,123,0,0.943004302360671,0.397979371989408,0,blocked
324,124,0,0.39419033669098313,0.4498012008722949,0,blocked
325,125,0,0.13222686803948677,0.42064079328024173,0,blocked
326,126,0,0.1087614849178592,0.4929994021176942,0,blocked
327,127,0,0.9309224514149617,0.5061428784462909,0,blocked
328,128,0,0.8227427461478806,0.4570558555110994,0,blocked
329,129,0,0.2510439190431046,0.45206452302707145,0,blocked
330,130,0,0.632015516490735,0.6011995419889706,0,blocked
331,131,0,0.02292154043142024,0.5942824733504092,0,blocked
332,132,0,0.9761162191193005,0.5597689611723506,0,blocked
333,133,0,0.17185474165246334,0.4829370061911744,0,blocked
334,134,0,0.07883635573552002,0.35632504226083594,0,blocked
335,135,0,0.3280348391906333,0.4469284272354165,0,blocked
336,136,0,0.9458647336846315,0.3258146704884535,0,blocked
337,137,0,0.6116741920532935,0.49212718332415795,0,blocked
338,138,0,0.3199907928566857,0.4116955988239211,0,blocked
339,139,0,0.7977168362098348,0.3911235597325113,0,blocked
340,140,0,0.032539051330699065,0.5075080129332559,0,blocked
341,141,0,0.06101745961315073,0.621844368673066,0,blocked
342,142,0,0.7678252436286417,0.3211097624419913,0,blocked
343,143,0,0.9347907785520733,0.4567297436836538,0,blocked
344,144,0,0.6259941460052878,0.3568843411957445,0,blocked
345,145,0,0.8026394313023864,0.31231734027590335,0,blocked
346,146,0,0.1042082513474691,0.5037558571217083,0,blocked
347,147,0,0.0859893280369351,0.46395399441994556,0,blocked
348,148,0,0.23599650072068692,0.4199639335592078,0,blocked
349,149,0,0.8493308023753599,0.3801437205616991,0,blocked
350,150,0,0.45043728089208535,0.43722312634543964,0,blocked
351,151,0,0.8518744525245374,0.3924751974084103,0,blocked
352,152,0,0.626466027883695,0.2987497205665449,0,blocked
353,153,0,0.1457276874583221,0.4022103755744789,0,blocked
354,154,0,0.9423200437409427,0.45794232397335133,0,blocked
355,155,0,0.024516253465677755,0.4800662780491103,0,blocked
356,156,0,0.1046033750803916,0.4718908377875147,0,blocked
357,157,0,0.9243309323863587,0.28774786748122744,0,blocked
358,158,0,0.5955794359869064,0.5002182519573479,0,blocked
359,159,0,0.1952286734285179,0.36164952904154235,0,blocked
360,160,0,0.24868949724662545,0.7319533735852191,0,blocked
361,161,0,0.3019934521951357,0.4223650732660642,0,blocked
362,162,0,0.7256428484737727,0.32204008685918395,0,blocked
363,163,0,0.11182304972882758,0.4789619670939107,0,blocked
364,164,0,0.15772584307798496,0.4408146188721067,0,blocked
365,165,0,0.008646692061017395,0.6340364091497704,0,blocked
366,166,0,0.7618375337469248,0.38168257032111885,0,blocked
367,167,0,0.44443308372434737,0.4880548879760396,0,blocked
368,168,0,0.5806985917537159,0.5496758593578634,0,blocked
369,169,0,0.8927530534070591,0.4336515321495006,0,blocked
370,170,0,0.9535683500881043,0.5204340532898702,0,blocked
371,171,0,0.15826490224250178,0.35623521663195407,0,blocked
372,172,0,0.6848380052248899,0.383666932862724,0,blocked
373,173,0,0.938073040707109,0.29227484219328115,0,blocked
374,174,0,0.14356695995771843,0.6350272962212878,0,blocked
375,175,0,0.22408268758062502,0.42124889616512623,0,blocked
376,176,0,0.8265767063945721,0.3733051338399098,0,blocked
377,177,0,0.13264496656302097,0.5614474485213632,0,blocked
378,178,0,0.9614851653359305,0.3654177758777216,0,blocked
379,179,0,0.41249051621044125,0.4511962588851094,0,blocked
380,180,0,0.6486247299098341,0.3469512044731023,0,blocked
381,181,0,0.5860583484014579,0.5155044399954731,0,blocked
382,182,0,0.1760301545116879,0.4769325193984475,0,blocked
383,183,0,0.8797711147776267,0.4258653523475866,0,blocked
384,184,0,0.13793225643299536,0.4531996990595759,0,blocked
385,185,0,0.9508050613028172,0.36201789892838754,0,blocked
386,186,0,0.71313328626908,0.35007499572597034,0,blocked
387,187,0,0.4407318076132846,0.5431846215249507,0,blocked
388,188,0,0.6463873250107494,0.4249399790657894,0,blocked
389,189,0,0.3983895027038984,0.49142088340888984,0,blocked
390,190,0,0.9848931258401931,0.45519677086913507,0,blocked
391,191,0,0.16551143768830706,0.45349465553998725,0,blocked
392,192,0,0.7765439689435516,0.373635433373334,0,blocked
393,193,0,0.7174639178720243,0.3866882852290139,0,blocked
394,194,0,0.5000451857235787,0.48465041484623184,0,blocked
395,195,0,0.2611738961452937,0.3809675185132651,0,blocked
396,196,0,0.7535714742511803,0.3559670679197729,0,blocked
397,197,0,0.778352835038092,0.4474276280570535,0,blocked
398,198,0,0.07983098981531057,0.40999985110382087,0,blocked
399,199,0,0.14577987833715844,0.45514177077033524,0,blocked
400,0,0,0.47052945278918823,0.9173152058067613,0,early
401,1,0,0.5050919950466096,0.8579476832767979,0,early
402,2,0,0.49835289239243763,0.6202243442856114,0,early
403,3,0,0.5035084424140225,0.9824035083053617,0,early
404,4,0,0.5015931312373941,0.8787856173444284,0,early
405,5,0,0.47825064173613396,0.8420279343467532,0,early
406,6,0,0.5311324095269135,0.8612132433047788,0,early
407,7,0,0.49197563352472384,0.834736602422142,0,early
408,8,0,0.4734679160628962,0.8709693331330004,0,early
409,9,0,0.49231266038344423,0.8696603911116243,0,early
410,10,0,0.4955142445987501,0.5725542638482445,0,early
411,11,0,0.4993209961949885,0.7186530598373171,0,early
412,12,0,0.5050414682171065,0.6607662696859113,0,early
413,13,0,0.4959229099210511,0.7071877479161925,0,early
414,14,0,0.4921505150949777,0.6799722597006634,0,early
415,15,0,0.4804610708753436,0.9328823766188339,0,early
416,16,0,0.5014160577601754,0.8587626804102021,0,early
417,17,0,0.503047039394625,0.5393153522349514,0,early
418,18,0,0.5169988003499687,0.7026687470428867,0,early
419,19,0,0.548536905404504,0.7639004311615472,0,early
420,20,0,0.49676325577495234,0.5818307971732289,0,early
421,21,0,0.5103279573535476,0.5911404986275124,0,early
422,22,0,0.5149409776075949,0.663849260591937,0,early
423,23,0,0.6428003019870366,0.7690084725185536,0,early
424,24,0,0.5140823316863372,0.7499386195725893,0,early
425,25,0,0.6112663789988537,0.5799861026481419,0,early
426,26,0,0.6541233992027704,0.5832612130423735,0,early
427,27,0,0.48035629824809034,0.6336973620437047,0,early
428,28,0,0.541274008921093,0.48703459133810756,0,early
429,29,0,0.3773658817421428,0.6762109504763429,0,early
430,30,0,0.5765149610483246,0.5338025392057921,0,early
431,31,0,0.42662093614259605,0.624516852419156,0,early
432,32,0,0.5388498346212122,0.5395711751151845,0,early
433,33,0,0.5578484774286745,0.6125319693248428,0,early
434,34,0,0.5283991128450608,0.5060058287026715,0,early
435,35,0,0.7422601253992012,0.5921863884781196,0,early
436,36,0,0.4802878267845789,0.629942907579106,0,early
437,37,0,0.5328329134011766,0.46361762571815035,0,early
438,38,0,0.4441048679519663,0.47221641976513995,0,early
439,39,0,0.6181598559127912,0.5571381546480649,0,early
440,40,0,0.7881234607365004,0.38630231916259317,0,early
441,41,0,0.3054813031283734,0.5813106522265381,0,early
442,42,0,0.6043766180642168,0.47200958206400534,0,early
443,43,0,0.29562764989068047,0.6562541843019651,0,early
444,44,0,0.11925506683080968,0.6480653649546539,0,early
445,45,0,0.44027552204193365,0.6350402322941178,0,early
446,46,0,0.8353273339219391,0.6230958683657837,0,early
447,47,0,0.6190379873987918,0.5461236289640207,0,early
448,48,0,0.37290459460138037,0.473966869514311,0,early
449,49,0,0.6836128940141645,0.4934881602245064,0,early
450,50,0,0.3104888729764487,0.5575388280444745,0,early
451,51,0,0.8236236424917245,0.48548764868516325,0,early
452,52,0,0.6191977418070209,0.39103611310123143,0,early
453,53,0,0.7657313861094092,0.35716469031641346,0,early
454,54,0,0.15812796930930045,0.5406205873578629,0,early
455,55,0,0.5267230190561715,0.6142927633072419,0,early
456,56,0,0.27066922534154314,0.550040562650311,0,early
457,57,0,0.3564669897394136,0.6284480924885467,0,early
458,58,0,0.4191801393317878,0.40923026441376287,0,early
459,59,0,0.6933685506713685,0.500349327059861,0,early
460,60,0,0.22665488669842745,0.5568484417614148,0,early
461,61,0,0.13208486445737758,0.6675215752546109,0,early
462,62,0,0.5290212505203213,0.5151742977733226,0,early
463,63,0,0.2681323756765156,0.4871714186850725,0,early
464,64,0,0.4952901781680176,0.5237812415154007,0,early
465,65,0,0.3530385623092561,0.44163192731461076,0,early
466,66,0,0.19047041948378943,0.5360620909206382,0,early
467,67,0,0.6911974570688544,0.39686670119533995,0,early
468,68,0,0.868826421350982,0.4767362496641514,0,early
469,69,0,0.8296700418599201,0.5320268596623283,0,early
470,70,0,0.5022094332499804,0.5128608947775403,0,early
471,71,0,0.34782665762611736,0.4287625647333796,0,early
472,72,0,0.1998314505592453,0.45727240469926445,0,early
473,73,0,0.8967323389630981,0.4900110680668319,0,early
474,74,0,0.7943851172143181,0.5193510500684649,0,early
475,75,0,0.3254890038450833,0.5002667270240018,0,early
476,76,0,0.19438017654277254,0.5668375058388728,0,early
477,77,0,0.8520963829867485,0.38442789308047964,0,early
478,78,0,0.7804058044175528,0.5461558266447807,0,early
479,79,0,0.7132590941142178,0.4005444264920306,0,early
480,80,0,0.32597648003379964,0.3808417585946178,0,early
481,81,0,0.7747620995382648,0.434870340329642,0,early
482,82,0,0.6419356221168973,0.42107197708055355,0,early
483,83,0,0.1327651613987896,0.5799322487466652,0,early
484,84,0,0.36692068428704294,0.5218622988310712,0,early
485,85,0,0.42927613204442366,0.34475494002572704,0,early
486,86,0,0.2952470564475316,0.44131213975314487,0,early
487,87,0,0.18839991721843172,0.5246991316112807,0,early
488,88,0,0.4400590079602534,0.38290487370641596,0,early
489,89,0,0.7710929530119099,0.5878177966603777,0,early
490,90,0,0.306039767196616,0.6507526879396794,0,early
491,91,0,0.777333333809253,0.5033682143746594,0,early
492,92,0,0.46405081644764096,0.42720083042378676,0,early
493,93,0,0.8321098633632364,0.545061335046022,0,early
494,94,0,0.5659567717990055,0.4226341990378907,0,early
495,95,0,0.5466668266919871,0.5849918356006193,0,early
496,96,0,0.47369698474516253,0.35511662118671783,0,early
497,97,0,0.05895185092285192,0.6976898193914136,0,early
498,98,0,0.5419428286268494,0.4133608223184042,0,early
499,99,0,0.8063471031499863,0.311703910094552,0,early
500,100,0,0.3740944948988749,0.5069505395977765,0,early
501,101,0,0.18460305735204474,0.44825937494327134,0,early
502,102,0,0.5971083736589726,0.40475931647867563,0,early
503,103,0,0.22161302969204486,0.41887305345825443,0,early
504,104,0,0.6259403839425385,0.53661314670847,0,early
505,105,0,0.9612662739591274,0.49603468851456045,0,early
506,106,0,0.4189426428865724,0.537211698961563,0,early
507,107,0,0.4521952183378533,0.3237637505332276,0,early
508,108,0,0.5924688447309008,0.43069921427556823,0,early
509,109,0,0.21883050918555869,0.40216734598174886,0,early
510,110,0,0.5079645623071359,0.429192656672035,0,early
511,111,0,0.16057108804820505,0.384458395450906,0,early
512,112,0,0.6799535005626383,0.4801730633071196,0,early
513,113,0,0.9164524864082529,0.38776203703356654,0,early
514,114,0,0.7691216137938307,0.419722489211822,0,early
515,115,0,0.21831017194920174,0.48677803740687137,0,early
516,116,0,0.34227111274199634,0.4755352186941043,0,early
517,117,0,0.3881388725593654,0.4858668596145455,0,early
518,118,0,0.7241610615330523,0.4154486150143318,0,early
519,119,0,0.7038443815585089,0.5069136032276023,0,early
520,120,0,0.5935691750624783,0.37605502129612944,0,early
521,121,0,0.5905259791964124,0.4736044889088914,0,early
522,122,0,0.7576262025590211,0.44903755769318315,0,early
523,123,0,0.4966184258821331,0.43218045901751195,0,early
524,124,0,0.23863766003461528,0.6299593212793315,0,early
525,125,0,0.4057908874787154,0.46187102138146896,0,early
526,126,0,0.3793037046244842,0.4068770983278316,0,early
527,127,0,0.5266778681414278,0.4273652399894658,0,early
528,128,0,0.39251115632627637,0.6272585164562097,0,early
529,129,0,0.45198472659801936,0.48620847709295595,0,early
530,130,0,0.3661105864626827,0.35503655647006777,0,early
531,131,0,0.37793733761863,0.3289874203962297,0,early
532,132,0,0.5830503731402485,0.3660574411858323,0,early
533,133,0,0.25580133081596135,0.5086716809818236,0,early
534,134,0,0.7013751483464206,0.4785546225058981,0,early
535,135,0,0.3803167641534781,0.5661722908226301,0,early
536,136,0,0.5949988808347341,0.4358212153570612,0,early
537,137,0,0.07192603439000511,0.5163962749300024,0,early
538,138,0,0.663331280471134,0.4408879426599407,0,early
539,139,0,0.42845066337888527,0.3775109129922445,0,early
540,140,0,0.5890599919410149,0.47751481261489215,0,early
541,141,0,0.12824375166629523,0.5859672777125597,0,early
542,142,0,0.6614189662927046,0.3372965938230228,0,early
543,143,0,0.4873516768975332,0.4195779687230665,0,early
544,144,0,0.5863986131705483,0.4729865312412629,0,early
545,145,0,0.6056836412075202,0.3827542102652965,0,early
546,146,0,0.48729865873702327,0.46553644789865817,0,early
547,147,0,0.6252629761626417,0.452460875871002,0,early
548,148,0,0.41533867006417946,0.5307218445663849,0,early
549,149,0,0.20638997160851724,0.5408970757667549,0,early
550,150,0,0.4210393008787054,0.4420221306702497,0,early
551,151,0,0.8102082704237352,0.46317575967265917,0,early
552,152,0,0.6875274558692742,0.5310228331474036,0,early
553,153,0,0.748350591092726,0.38023449628685263,0,early
554,154,0,0.4689676760669095,0.41238345436366075,0,early
555,155,0,0.4004309602477557,0.45830784887845777,0,early
556,156,0,0.46382705709688715,0.5219143486133206,0,early
557,157,0,0.367197228906775,0.4547835956320657,0,early
558,158,0,0.6360581461565491,0.32689790099319344,0,early
559,159,0,0.2562174879847796,0.4628183167070591,0,early
560,160,0,0.24044672660221725,0.4407570068468625,0,early
561,161,0,0.6804894321701502,0.4483397797515508,0,early
562,162,0,0.31550449441363937,0.49850437699103434,0,early
563,163,0,0.35732050088891854,0.4089570298237116,0,early
564,164,0,0.6214843456170822,0.4555306932928014,0,early
565,165,0,0.3791029604755225,0.41968067647233664,0,early
566,166,0,0.32909315314511944,0.6107455947198841,0,early
567,167,0,0.7154277406934602,0.40238851233952666,0,early
568,168,0,0.24372087151280766,0.4910585096640107,0,early
569,169,0,0.21796992747946747,0.6101874776339864,0,early
570,170,0,0.2658144065023242,0.3432152787163242,0,early
571,171,0,0.6255719590247207,0.5473140056169078,0,early
572,172,0,0.7052846828824556,0.4603800178148998,0,early
573,173,0,0.7885626642697221,0.6607060582499626,0,early
574,174,0,0.2484679525314934,0.35633398540438127,0,early
575,175,0,0.6961829671005841,0.31991204191459294,0,early
576,176,0,0.7983311211333273,0.5094223066852922,0,early
577,177,0,0.30188310213836805,0.4244081661686137,0,early
578,178,0,0.6006795901230078,0.4073714460947036,0,early
579,179,0,0.15965998769718287,0.42433538791212694,0,early
580,180,0,0.6542336800157214,0.2997027280976928,0,early
581,181,0,0.7766498307264165,0.48501832591797145,0,early
582,182,0,0.676506099559973,0.37093624364398325,0,early
583,183,0,0.08077080981552158,0.6112436032650396,0,early
584,184,0,0.7310100043808312,0.5142328371560623,0,early
585,185,0,0.21390021405174026,0.3947301819751784,0,early
586,186,0,0.7226668219143573,0.34095489385257904,0,early
587,187,0,0.22335202096133833,0.6225416322421227,0,early
588,188,0,0.38605933532914316,0.4354935475513027,0,early
589,189,0,0.24543622485391825,0.4641781408146277,0,early
590,190,0,0.5657600960866613,0.5107807827295326,0,early
591,191,0,0.6762976043801279,0.5228157858021207,0,early
592,192,0,0.26293089316481005,0.39385789987265063,0,early
593,193,0,0.21397922795194718,0.5225122449787812,0,early
594,194,0,0.39175849451410394,0.5768805489297487,0,early
595,195,0,0.6995177564001986,0.45118594794234096,0,early
596,196,0,0.8087205599344927,0.3365710485292643,0,early
597,197,0,0.23494629540660517,0.4693493762685256,0,early
598,198,0,0.5732866171458819,0.3862699865850399,0,early
599,199,0,0.4950087494830817,0.47823476843186796,0,early
600,0,0,0.261775387921675,0.6354234223786477,0,middle
601,1,0,0.30648359439673645,0.6990079690086339,0,middle
602,2,0,0.6640537905135917,0.647638832427404,0,middle
603,3,0,0.22836630403929634,0.5389102564798476,0,middle
604,4,0,0.27963280430299753,0.7027095094332639,0,middle
605,5,0,0.3049938690223652,0.5436252622253975,0,middle
606,6,0,0.7315896205249859,0.7157754851979559,0,middle
607,7,0,0.3298458742340088,0.6328321112977515,0,middle
608,8,0,0.27846816563531246,0.6418473865915921,0,middle
609,9,0,0.7528027762664256,0.5624693514829135,0,middle
610,10,0,0.5948106725764718,0.7234599133996251,0,middle
611,11,0,0.19472915636983734,0.7098460600960967,0,middle
612,12,0,0.6450099716644481,0.6163418154511323,0,middle
613,13,0,0.21075185018724876,0.47313464227822555,0,middle
614,14,0,0.6551580454428936,0.5435154579213818,0,middle
615,15,0,0.2289068247033987,0.6453697146974351,0,middle
616,16,0,0.21914212279461545,0.4544417484499811,0,middle
617,17,0,0.31401784818957545,0.5223677308325945,0,middle
618,18,0,0.6374250569496387,0.6044858165796015,0,middle
619,19,0,0.23027267887045003,0.5763259036003121,0,middle
620,20,0,0.24879973182264084,0.5758777464252854,0,middle
621,21,0,0.2300558110387364,0.6956145093658208,0,middle
622,22,0,0.6625938125629733,0.5696397158409932,0,middle
623,23,0,0.6409513313044253,0.4930050524100057,0,middle
624,24,0,0.6597332916556552,0.4322377237019948,0,middle
625,25,0,0.2165528079097102,0.7094412037921818,0,middle
626,26,0,0.30323490391515806,0.574489591917638,0,middle
627,27,0,0.23492315044682527,0.6652992474413014,0,middle
628,28,0,0.563313803661997,0.5245142047266589,0,middle
629,29,0,0.2887252962400828,0.4038044261292225,0,middle
630,30,0,0.28731817488239164,0.5104588382813986,0,middle
631,31,0,0.3525235428493141,0.5631382762170805,0,middle
632,32,0,0.558316730708443,0.5900149093672175,0,middle
633,33,0,0.7373218208745717,0.5417677989329324,0,middle
634,34,0,0.41826237300908586,0.6398298816202872,0,middle
635,35,0,0.787044636854602,0.40970886199479783,0,middle
636,36,0,0.4301759034283779,0.6222390519521576,0,middle
637,37,0,0.406709611294079,0.5556778975148946,0,middle
638,38,0,0.46811164841516373,0.7139542952392026,0,middle
639,39,0,0.8060481114256204,0.5195775473416475,0,middle
640,40,0,0.3755677499456805,0.363407211837698,0,middle
641,41,0,0.44284956520120417,0.5048400477314791,0,middle
642,42,0,0.49341344059206516,0.5820810727126675,0,middle
643,43,0,0.5396706399433895,0.6046260390524889,0,middle
644,44,0,0.46740179432388773,0.5099513708076973,0,middle
645,45,0,0.458093650582118,0.4452700437281698,0,middle
646,46,0,0.39733401594802276,0.4942571099988571,0,middle
647,47,0,0.39165611890180907,0.6318447736695565,0,middle
648,48,0,0.40102168636677565,0.4255145961313017,0,middle
649,49,0,0.490975266292715,0.4185188702118172,0,middle
650,50,0,0.35448956595744535,0.41600791870938947,0,middle
651,51,0,0.6071038509928406,0.465250049229182,0,middle
652,52,0,0.5027461012511573,0.33534794165690734,0,middle
653,53,0,0.34657715049147375,0.513172847426652,0,middle
654,54,0,0.7143214756042793,0.5715851235753271,0,middle
655,55,0,0.5967127786845071,0.46772436494684333,0,middle
656,56,0,0.5293374694093275,0.48503683432595535,0,middle
657,57,0,0.5878548664169578,0.3280415709193928,0,middle
658,58,0,0.5319561453537089,0.48600545273389556,0,middle
659,59,0,0.28400971121721863,0.6371392892033672,0,middle
660,60,0,0.605780245455918,0.36506338639239083,0,middle
661,61,0,0.26745942808590567,0.5920133504640624,0,middle
662,62,0,0.7054017101976948,0.5384976183257114,0,middle
663,63,0,0.43241888250155625,0.44441536237056345,0,middle
664,64,0,0.5567716497326706,0.29507512327776486,0,middle
665,65,0,0.4829675742876042,0.3781542063010157,0,middle
666,66,0,0.29653796545035865,0.43825293312007674,0,middle
667,67,0,0.3215092581605156,0.4851448507194247,0,middle
668,68,0,0.565163298918863,0.44473879334708266,0,middle
669,69,0,0.45674217195928274,0.447348890450991,0,middle
670,70,0,0.4049971222636781,0.3456659929249578,0,middle
671,71,0,0.5618792210544624,0.5560641300454481,0,middle
672,72,0,0.26725756150726976,0.5663946964093576,0,middle
673,73,0,0.45000614229637365,0.37378350591711285,0,middle
674,74,0,0.33075884590769167,0.5444710278358337,0,middle
675,75,0,0.5375586758659483,0.41581005434359064,0,middle
676,76,0,0.3860918057661662,0.4628787453663435,0,middle
677,77,0,0.6528547083108924,0.42765123421147266,0,middle
678,78,0,0.39919942676602677,0.3592039281822115,0,middle
679,79,0,0.5274383082599231,0.4023701233921627,0,middle
680,80,0,0.511849013330198,0.42021296936792984,0,middle
681,81,0,0.5842233067918511,0.44717349297146014,0,middle
682,82,0,0.3606128460099059,0.4869113747688717,0,middle
683,83,0,0.4716578552193299,0.4998196082595463,0,middle
684,84,0,0.5281970469041499,0.46483409618675087,0,middle
685,85,0,0.5831365745232944,0.3620173363197964,0,middle
686,86,0,0.564259219332993,0.34305304757294,0,middle
687,87,0,0.48531891417376827,0.5557888692969661,0,middle
688,88,0,0.5718193865740143,0.45184047379214254,0,middle
689,89,0,0.591652376500309,0.5289571536203321,0,middle
690,90,0,0.38006640165550676,0.4862657435545009,0,middle
691,91,0,0.5448992673272504,0.4940035911831394,0,middle
692,92,0,0.41025770614494256,0.5083113670307164,0,middle
693,93,0,0.6496138421112071,0.32348864011212763,0,middle
694,94,0,0.31738733694435417,0.36823568491188624,0,middle
695,95,0,0.5591684153541125,0.4882734988835421,0,middle
696,96,0,0.5487653219909017,0.3927376401035464,0,middle
697,97,0,0.5278432365362171,0.3664528349263112,0,middle
698,98,0,0.35653488895333413,0.6153120710615624,0,middle
699,99,0,0.3651921855541612,0.505283620812277,0,middle
700,100,0,0.6812220035925654,0.44429125671052017,0,middle
701,101,0,0.7273668994578664,0.4274693135134544,0,middle
702,102,0,0.2860492660188626,0.4002356356696818,0,middle
703,103,0,0.45561721180581904,0.35401649345415387,0,middle
704,104,0,0.7153489813109671,0.4951311571272612,0,middle
705,105,0,0.4371184171913204,0.5211595018110862,0,middle
706,106,0,0.69797820719686,0.42597898375898513,0,middle
707,107,0,0.5210332454035767,0.4305916596433379,0,middle
708,108,0,0.5749856839027117,0.4300247391242549,0,middle
709,109,0,0.42806649695125465,0.4948237332708191,0,middle
710,110,0,0.5443723246600949,0.37152323281512944,0,middle
711,111,0,0.5359379989499459,0.43457359548098556,0,middle
712,112,0,0.3916366798791286,0.5396764564253969,0,middle
713,113,0,0.38426767561524744,0.4693725285949469,0,middle
714,114,0,0.3144379695690243,0.4377777092466115,0,middle
715,115,0,0.527232805825578,0.5048875796629746,0,middle
716,116,0,0.5888106225664685,0.450177382245781,0,middle
717,117,0,0.4018561205429243,0.5127911452493192,0,middle
718,118,0,0.44001073284726416,0.3813716401304249,0,middle
719,119,0,0.3964159168412026,0.4760578199194401,0,middle
720,120,0,0.5254923207475377,0.45179524140638744,0,middle
721,121,0,0.5329784320480492,0.4789695071566819,0,middle
722,122,0,0.4722120487817574,0.39320464705040775,0,middle
723,123,0,0.3017692571350392,0.48138201365355315,0,middle
724,124,0,0.4050465879233012,0.3928827061432809,0,middle
725,125,0,0.5070102389097801,0.44443354149761816,0,middle
726,126,0,0.4127092645966499,0.3890619274382072,0,middle
727,127,0,0.5858047660359749,0.5321815246667136,0,middle
728,128,0,0.6222035427024651,0.40345707003027803,0,middle
729,129,0,0.47058661950256353,0.3338555094805966,0,middle
730,130,0,0.35531149540924556,0.3903994389928376,0,middle
731,131,0,0.4290510286913545,0.4019420504686346,0,middle
732,132,0,0.5322258865903375,0.3346920956876489,0,middle
733,133,0,0.3879806067346818,0.4109823722450119,0,middle
734,134,0,0.6265488505105755,0.504693910754391,0,middle
735,135,0,0.4620815786508361,0.42891955341517635,0,middle
736,136,0,0.684199548176804,0.2941036750564716,0,middle
737,137,0,0.5914154700690215,0.30661024526238734,0,middle
738,138,0,0.4689117810140552,0.3711800191025675,0,middle
739,139,0,0.3771616437972946,0.46563755951473373,0,middle
740,140,0,0.5071025862074849,0.4292324890026146,0,middle
741,141,0,0.5182525681406552,0.5705511895869966,0,middle
742,142,0,0.45731716093257063,0.24981906006923382,0,middle
743,143,0,0.5726922096719216,0.38991486280800114,0,middle
744,144,0,0.6326898419758462,0.3154218739815273,0,middle
745,145,0,0.7814728812661544,0.3579195927123541,0,middle
746,146,0,0.6555164702954064,0.42031766006902993,0,middle
747,147,0,0.6294429481100186,0.5022997634295744,0,middle
748,148,0,0.5009131667117311,0.4616428751191875,0,middle
749,149,0,0.40873613494739247,0.4214657076947706,0,middle
750,150,0,0.4676219338238331,0.42999120253251566,0,middle
751,151,0,0.7392911874910297,0.2892868010915127,0,middle
752,152,0,0.24958211260820196,0.5097751346456435,0,middle
753,153,0,0.6777745112286878,0.3644335457552069,0,middle
754,154,0,0.5635577174812657,0.37159333721567034,0,middle
755,155,0,0.35024582252178305,0.377599557395199,0,middle
756,156,0,0.39002726532070126,0.3660527093768781,0,middle
757,157,0,0.5916600623822841,0.3706973366001741,0,middle
758,158,0,0.4148310210825922,0.4509885494459587,0,middle
759,159,0,0.5407367167257143,0.4090336863653955,0,middle
760,160,0,0.5391339117272674,0.47913210650668203,0,middle
761,161,0,0.4855618527016251,0.3762090617705631,0,middle
762,162,0,0.4402621098640355,0.43007369681186775,0,middle
763,163,0,0.4173936614792535,0.4186944893071902,0,middle
764,164,0,0.1870549760627145,0.4317158284390721,0,middle
765,165,0,0.30922551663354647,0.420530374937095,0,middle
766,166,0,0.448998892351655,0.45704332099175493,0,middle
767,167,0,0.37031654988111773,0.46366546238940853,0,middle
768,168,0,0.46336186994855877,0.5811551967294932,0,middle
769,169,0,0.6012570773712043,0.38560967628843423,0,middle
770,170,0,0.6233562296167517,0.3910593420280867,0,middle
771,171,0,0.3960332814823905,0.34415079591559006,0,middle
772,172,0,0.5571277624508894,0.4429385948101283,0,middle
773,173,0,0.5733914236629719,0.42795107203163407,0,middle
774,174,0,0.513854967884348,0.36583501321860545,0,middle
775,175,0,0.47749267666845135,0.34641287551671324,0,middle
776,176,0,0.571168292779624,0.4395466559549618,0,middle
777,177,0,0.7078976274890554,0.4451894341797803,0,middle
778,178,0,0.22594065411563227,0.4610656879184728,0,middle
779,179,0,0.4566934265891218,0.45048101754123915,0,middle
780,180,0,0.6297980952160336,0.32875707140513855,0,middle
781,181,0,0.6935408097593647,0.456103636629353,0,middle
782,182,0,0.56868028507992,0.31679831679138043,0,middle
783,183,0,0.40909502653235924,0.42069018327988394,0,middle
784,184,0,0.6907334236275717,0.32780896206021437,0,middle
785,185,0,0.7350203343083643,0.42789285574114155,0,middle
786,186,0,0.5588998664257838,0.46719976429077303,0,middle
787,187,0,0.598214464609792,0.3412323372660686,0,middle
788,188,0,0.4399406306003883,0.40431642103096843,0,middle
789,189,0,0.7818372417509745,0.3736490139220101,0,middle
790,190,0,0.7092252698100842,0.39146341573287385,0,middle
791,191,0,0.5965908916819385,0.45374265519177276,0,middle
792,192,0,0.3197031974299279,0.4130322074976649,0,middle
793,193,0,0.5310920611883965,0.45428570293281345,0,middle
794,194,0,0.514982166650237,0.3926722217263986,0,middle
795,195,0,0.21712962446959327,0.3830756849266559,0,middle
796,196,0,0.45996608203030465,0.36146793564849655,0,middle
797,197,0,0.5171515926576251,0.3105234107678504,0,middle
798,198,0,0.5920879314338081,0.3810401890379924,0,middle
799,199,0,0.7441888963872149,0.42319454031490233,0,middle
800,0,0,0.9750841562323186,0.6459159346391143,0,late
801,1,0,0.49847335489069755,0.7785083928277199,0,late
802,2,0,0.9659816570509978,0.6242788922510114,0,late
803,3,0,0.5254399767536923,0.6902724673489626,0,late
804,4,0,0.053253495188839435,0.9074741106078488,0,late
805,5,0,0.49736889115145183,0.6916618370380794,0,late
806,6,0,0.9889179923840239,0.7135812855254353,0,late
807,7,0,0.5700960262292449,0.6308208781442883,0,late
808,8,0,0.9792255905837374,0.7000937073021667,0,late
809,9,0,0.4933778639558397,0.6585243296569177,0,late
810,10,0,0.9106988313082225,0.5398050749898596,0,late
811,11,0,0.6820190587772503,0.7736140597719592,0,late
812,12,0,0.9747899371841101,0.7660608319408255,0,late
813,13,0,0.5044051285698448,0.7571899874013274,0,late
814,14,0,0.9536015533066542,0.6086491117328923,0,late
815,15,0,0.5153911405226951,0.5621663783676845,0,late
816,16,0,0.15967075960879723,0.6685440729636611,0,late
817,17,0,0.4771017018862092,0.6223461143073641,0,late
818,18,0,0.9539448136145132,0.6733520808583189,0,late
819,19,0,0.5210669415289494,0.4961938158335132,0,late
820,20,0,0.9372804583247445,0.5401699995675957,0,late
821,21,0,0.5321137406117148,0.7702719529076877,0,late
822,22,0,0.9035069734448855,0.4728968498742457,0,late
823,23,0,0.5110351495838809,0.5716272165063065,0,late
824,24,0,0.9032482422597581,0.5290922458047767,0,late
825,25,0,0.5109430580054075,0.604852260017103,0,late
826,26,0,0.8774110710819957,0.6147464758779551,0,late
827,27,0,0.5111028960904609,0.5757670765352592,0,late
828,28,0,0.37911980354287456,0.6436245418534039,0,late
829,29,0,0.5149042188145159,0.5198455376793472,0,late
830,30,0,0.15705825494936992,0.48741707518229704,0,late
831,31,0,0.48631345818611793,0.30610120263455476,0,late
832,32,0,0.17627185173699184,0.4514093939336761,0,late
833,33,0,0.7105885058103992,0.550683331195301,0,late
834,34,0,0.12779266614323925,0.4650648761388493,0,late
835,35,0,0.5697261629803592,0.509557945198285,0,late
836,36,0,0.17900493000091322,0.5797604609615705,0,late
837,37,0,0.5494903329962721,0.5017904942388318,0,late
838,38,0,0.8762137536589882,0.4254749526480761,0,late
839,39,0,0.7379406274128224,0.5746184006359567,0,late
840,40,0,0.1297067128805542,0.5617738074867388,0,late
841,41,0,0.24702924365427248,0.672300163224709,0,late
842,42,0,0.8924971384409393,0.4584687785484982,0,late
843,43,0,0.18037293281848152,0.5843465041246261,0,late
844,44,0,0.5820662534635483,0.4602904881175186,0,late
845,45,0,0.5526171992066967,0.5301673631566465,0,late
846,46,0,0.7488906141798615,0.42342956507642215,0,late
847,47,0,0.7756523524262053,0.5730752600819672,0,late
848,48,0,0.20924319811389827,0.40957090299527865,0,late
849,49,0,0.7619304164920686,0.549462147299794,0,late
850,50,0,0.25377623112396225,0.6395039846278994,0,late
851,51,0,0.3364746306764147,0.42453165904927936,0,late
852,52,0,0.5435028455916258,0.4283883309091737,0,late
853,53,0,0.6576589457919747,0.27789851004412613,0,late
854,54,0,0.40975545843770844,0.3682190969475433,0,late
855,55,0,0.6434407432357934,0.3106888636166011,0,late
856,56,0,0.6304669701519025,0.38856358655308476,0,late
857,57,0,0.6228781622589505,0.37693583083104654,0,late
858,58,0,0.46174466111777734,0.4666955974819156,0,late
859,59,0,0.4839002858680783,0.44466369548053075,0,late
860,60,0,0.43525195620699336,0.37703950208669046,0,late
861,61,0,0.3906720549665724,0.5463983970789097,0,late
862,62,0,0.4806632494649336,0.5868939287038573,0,late
863,63,0,0.19440475575744165,0.4209087881285923,0,late
864,64,0,0.3236234555353464,0.6325923648778697,0,late
865,65,0,0.4091944912685964,0.540971861163066,0,late
866,66,0,0.43592709350213027,0.4524100671295571,0,late
867,67,0,0.3144271674057648,0.5603410170073966,0,late
868,68,0,0.6627970050398558,0.36937850785346377,0,late
869,69,0,0.27490267165961085,0.42284820593435846,0,late
870,70,0,0.472486395632783,0.33069562871318137,0,late
871,71,0,0.6528832570497476,0.48595360223378103,0,late
872,72,0,0.6082189554021515,0.4633322955762017,0,late
873,73,0,0.7665363633518065,0.3313757873394493,0,late
874,74,0,0.5540705098651917,0.4826937517646215,0,late
875,75,0,0.5456275734458432,0.45025480156448217,0,late
876,76,0,0.5678301217320354,0.43655170027287404,0,late
877,77,0,0.6988405040407313,0.5000536602770913,0,late
878,78,0,0.44877949613090384,0.4910026588178322,0,late
879,79,0,0.44323789022594395,0.4908951826057045,0,late
880,80,0,0.431336043629602,0.4475064937661435,0,late
881,81,0,0.44686995584057687,0.3685123747468866,0,late
882,82,0,0.6074744984599592,0.32791322096153463,0,late
883,83,0,0.39252693776499825,0.36049935242427855,0,late
884,84,0,0.40711811733328795,0.403487377016266,0,late
885,85,0,0.6211424189676275,0.35536171989025966,0,late
886,86,0,0.5917589352036172,0.4228012925995698,0,late
887,87,0,0.20374904576579017,0.4601435092513313,0,late
888,88,0,0.23702074967385417,0.39314813286730577,0,late
889,89,0,0.3986336353678852,0.4857523077241139,0,late
890,90,0,0.5076067734031303,0.5618120907815396,0,late
891,91,0,0.5185704998434477,0.6381719643221646,0,late
892,92,0,0.8146127860368595,0.39484127724685003,0,late
893,93,0,0.5517263058093442,0.4302638038446043,0,late
894,94,0,0.7261787497707919,0.4732943615603429,0,late
895,95,0,0.7013004733616799,0.34614166767256294,0,late
896,96,0,0.41814844363634773,0.6011075943418186,0,late
897,97,0,0.5491343951567121,0.37716787463674833,0,late
898,98,0,0.6425623676027572,0.43314820431787737,0,late
899,99,0,0.41285294542404827,0.35743898243607586,0,late
900,100,0,0.3673279709762401,0.4289396170578692,0,late
901,101,0,0.6624064445296798,0.5086601170094657,0,late
902,102,0,0.5807249334149682,0.3082101347431877,0,late
903,103,0,0.5188913012097173,0.44970479687132475,0,late
904,104,0,0.5188686283449121,0.30602382761867486,0,late
905,105,0,0.7502103284450062,0.43503334254193615,0,late
906,106,0,0.5685900601956129,0.3948844494574525,0,late
907,107,0,0.44413157500967737,0.5042337384328421,0,late
908,108,0,0.7119735781413115,0.3283614747034505,0,late
909,109,0,0.6881682741119444,0.3429402993277484,0,late
910,110,0,0.5257457426409818,0.4517778486310465,0,late
911,111,0,0.2457560850017229,0.6277759753045606,0,late
912,112,0,0.7503310583338325,0.4184688404128835,0,late
913,113,0,0.592819284874919,0.3394744003230578,0,late
914,114,0,0.3593456788799994,0.5506098322030664,0,late
915,115,0,0.6047180135480884,0.5385780714321864,0,late
916,116,0,0.37251535946248204,0.5147924121636612,0,late
917,117,0,0.43279609511899525,0.5533132606256767,0,late
918,118,0,0.4218493931296309,0.44841267603313806,0,late
919,119,0,0.3161920044551055,0.3207937246079665,0,late
920,120,0,0.32499813531382865,0.483281715476493,0,late
921,121,0,0.3857114742368109,0.5013945171083019,0,late
922,122,0,0.6188125145530587,0.3105869042387748,0,late
923,123,0,0.49442614034232535,0.5544909727854658,0,late
924,124,0,0.5763443462968185,0.33883046201934486,0,late
925,125,0,0.500416748637525,0.5587212424725135,0,late
926,126,0,0.517289918545058,0.45483130334356897,0,late
927,127,0,0.27769668615167603,0.49727603871674175,0,late
928,128,0,0.607787897776106,0.37385554283692013,0,late
929,129,0,0.10226664365303126,0.4569240525283204,0,late
930,130,0,0.3521467064636966,0.3762690251597661,0,late
931,131,0,0.39772724652720115,0.40960649799084486,0,late
932,132,0,0.2735952658993632,0.48845457081610927,0,late
933,133,0,0.7646608109052788,0.3895006052386769,0,late
934,134,0,0.45207296544241693,0.3494939580495415,0,late
935,135,0,0.24153837066019265,0.5182593085979718,0,late
936,136,0,0.6345257754177218,0.3138823588527815,0,late
937,137,0,0.43496316880715197,0.45564283276559014,0,late
938,138,0,0.41342958102098326,0.4007153767373659,0,late
939,139,0,0.6781906757226317,0.37666074485087214,0,late
940,140,0,0.5776206171017373,0.4984079913429612,0,late
941,141,0,0.20294102319163893,0.48359404268654793,0,late
942,142,0,0.3622103900635793,0.44505067692285866,0,late
943,143,0,0.8874330710760295,0.4767339915201537,0,late
944,144,0,0.17752410482144604,0.44129645811958107,0,late
945,145,0,0.5557645431737918,0.4308022136888262,0,late
946,146,0,0.8802245198097193,0.4879291086331762,0,late
947,147,0,0.2665446066048822,0.42282075718740963,0,late
948,148,0,0.5265216485007342,0.5965607108862958,0,late
949,149,0,0.6157553352948754,0.3501009167089336,0,late
950,150,0,0.6922550562470051,0.4072849486849566,0,late
951,151,0,0.9123103752977515,0.5534005787388724,0,late
952,152,0,0.26197652420216216,0.45775713283382297,0,late
953,153,0,0.5583165321146937,0.5550698386331184,0,late
954,154,0,0.8155673522226492,0.4578673666249702,0,late
955,155,0,0.2934366426247922,0.44987172822458976,0,late
956,156,0,0.2364997436664793,0.42024735865283547,0,late
957,157,0,0.7298479784279019,0.34956703848312964,0,late
958,158,0,0.6007050134247405,0.49002030590176515,0,late
959,159,0,0.2985697686794475,0.44761212424396263,0,late
960,160,0,0.5253631736427025,0.5740481921192626,0,late
961,161,0,0.2542189034388478,0.35504411268131153,0,late
962,162,0,0.46431556363786214,0.3962689028392845,0,late
963,163,0,0.3853843589344528,0.5132911762538935,0,late
964,164,0,0.634718458707594,0.3999006484032772,0,late
965,165,0,0.24041251805567687,0.48049463571712636,0,late
966,166,0,0.07583671276941605,0.47070663655470024,0,late
967,167,0,0.6914885900340166,0.55599926194941,0,late
968,168,0,0.49782208568602326,0.44136156256221254,0,late
969,169,0,0.41712783627515204,0.2996189616189803,0,late
970,170,0,0.48925621214142534,0.31522544572054845,0,late
971,171,0,0.23671715605917015,0.46507055960718785,0,late
972,172,0,0.5587080693231488,0.4775731215851685,0,late
973,173,0,0.8444758609442342,0.2911113344691348,0,late
974,174,0,0.39782469363660755,0.4734384116247319,0,late
975,175,0,0.544835147532403,0.3902621144706271,0,late
976,176,0,0.6355969697127251,0.6347360455853395,0,late
977,177,0,0.7398532518067916,0.34398882220581484,0,late
978,178,0,0.8119669787483443,0.4111856192208938,0,late
979,179,0,0.3199353841804018,0.2868084387036398,0,late
980,180,0,0.5862742828062814,0.44158194540566637,0,late
981,181,0,0.3866278913205767,0.4405195151504714,0,late
982,182,0,0.7158184499588749,0.30897912486721285,0,late
983,183,0,0.7833564271587776,0.4446981189669382,0,late
984,184,0,0.4479166744288068,0.3707861769334224,0,late
985,185,0,0.7750616462932389,0.3722740749990707,0,late
986,186,0,0.6096821388941053,0.3776952366289309,0,late
987,187,0,0.6228032762080048,0.43580987579738767,0,late
988,188,0,0.729775119048239,0.3924968134859731,0,late
989,189,0,0.36205134220543195,0.4047263297617445,0,late
990,190,0,0.6008334846604865,0.435392546292109,0,late
991,191,0,0.3934344805598562,0.48697255119281346,0,late
992,192,0,0.35591502025131017,0.4347155042622496,0,late
993,193,0,0.38949626846681734,0.43002988590355445,0,late
994,194,0,0.8309029703386236,0.36194848453474426,0,late
995,195,0,0.4125928329952503,0.45114061234022873,0,late
996,196,0,0.184307543669357,0.43640187692614546,0,late
997,197,0,0.5941416440733227,0.3369272480507568,0,late
998,198,0,0.36712561541173383,0.44223869384076314,0,late
999,199,0,0.4520947863518405,0.40489568712322804,0,late
